True_Label,Predicted_Label,Is_Correct,Confidence
7-victory,7-victory,True,0.99955183
7-victory,3-three,False,0.77821743
7-victory,7-victory,True,0.99903905
7-victory,7-victory,True,0.5050917
1-one,1-one,True,0.9985316
3-three,3-three,True,0.99679935
3-three,3-three,True,0.9927406
5-rotate,5-rotate,True,0.99911827
7-victory,7-victory,True,0.99925345
2-two,7-victory,False,0.781148
4-open_close,4-open_close,True,0.99978215
2-two,4-open_close,False,0.59565383
7-victory,5-rotate,False,0.4792786
3-three,3-three,True,0.7356046
3-three,3-three,True,0.9991942
3-three,2-two,False,0.38208163
5-rotate,5-rotate,True,0.9987117
2-two,2-two,True,0.298399
5-rotate,5-rotate,True,0.99949753
7-victory,7-victory,True,0.9994469
2-two,2-two,True,0.5032732
3-three,3-three,True,0.9986817
4-open_close,4-open_close,True,0.999173
3-three,3-three,True,0.9982498
5-rotate,5-rotate,True,0.4741751
4-open_close,4-open_close,True,0.27844852
5-rotate,5-rotate,True,0.9996768
4-open_close,4-open_close,True,0.99713767
5-rotate,5-rotate,True,0.999785
7-victory,2-two,False,0.6307651
7-victory,7-victory,True,0.99491996
2-two,2-two,True,0.9931371
1-one,1-one,True,0.9983266
4-open_close,4-open_close,True,0.9997472
1-one,1-one,True,0.9971752
2-two,2-two,True,0.97546715
2-two,2-two,True,0.95025986
3-three,3-three,True,0.9993973
1-one,1-one,True,0.99836165
3-three,3-three,True,0.99878186
3-three,3-three,True,0.9987704
1-one,1-one,True,0.9978022
4-open_close,4-open_close,True,0.9996824
5-rotate,5-rotate,True,0.99973375
2-two,2-two,True,0.9951821
7-victory,7-victory,True,0.99288505
7-victory,3-three,False,0.5079846
4-open_close,2-two,False,0.49531195
3-three,3-three,True,0.9995233
1-one,3-three,False,0.31296244
2-two,2-two,True,0.98543537
5-rotate,5-rotate,True,0.99976605
5-rotate,5-rotate,True,0.9998068
3-three,3-three,True,0.9978314
3-three,3-three,True,0.98707783
4-open_close,4-open_close,True,0.9948579
1-one,1-one,True,0.9882476
7-victory,3-three,False,0.2510685
4-open_close,4-open_close,True,0.9996307
4-open_close,4-open_close,True,0.9997496
4-open_close,3-three,False,0.34448123
3-three,3-three,True,0.99889165
7-victory,7-victory,True,0.905129
2-two,2-two,True,0.99466443
7-victory,7-victory,True,0.9939693
5-rotate,5-rotate,True,0.9994106
2-two,2-two,True,0.9983398
7-victory,7-victory,True,0.31019017
2-two,2-two,True,0.9952186
3-three,3-three,True,0.9903869
7-victory,7-victory,True,0.9994136
2-two,2-two,True,0.9970022
1-one,1-one,True,0.999554
5-rotate,5-rotate,True,0.99920267
7-victory,7-victory,True,0.99974126
7-victory,7-victory,True,0.9920027
3-three,3-three,True,0.9995647
7-victory,7-victory,True,0.98619425
7-victory,7-victory,True,0.99585044
4-open_close,4-open_close,True,0.99906975
5-rotate,5-rotate,True,0.9996458
3-three,3-three,True,0.99883384
7-victory,2-two,False,0.38566518
3-three,3-three,True,0.9990196
2-two,2-two,True,0.998379
7-victory,7-victory,True,0.94210905
2-two,2-two,True,0.9848534
1-one,1-one,True,0.9897266
7-victory,2-two,False,0.60499054
3-three,3-three,True,0.9995043
3-three,7-victory,False,0.6029619
3-three,3-three,True,0.9992508
1-one,1-one,True,0.997843
5-rotate,5-rotate,True,0.9996086
3-three,3-three,True,0.99841714
3-three,3-three,True,0.999617
3-three,3-three,True,0.9993932
2-two,2-two,True,0.972071
2-two,2-two,True,0.9931952
5-rotate,5-rotate,True,0.999286
2-two,2-two,True,0.8620309
2-two,2-two,True,0.9860859
1-one,1-one,True,0.99935824
3-three,3-three,True,0.9994672
2-two,2-two,True,0.99871206
7-victory,7-victory,True,0.99482614
7-victory,7-victory,True,0.977423
1-one,1-one,True,0.99714726
3-three,3-three,True,0.9989881
2-two,2-two,True,0.9344503
1-one,1-one,True,0.9985197
7-victory,7-victory,True,0.9297014
7-victory,7-victory,True,0.99627715
2-two,2-two,True,0.7307419
7-victory,7-victory,True,0.99549246
7-victory,7-victory,True,0.9239534
1-one,1-one,True,0.9936464
2-two,2-two,True,0.9949917
7-victory,7-victory,True,0.96594054
7-victory,7-victory,True,0.98367417
3-three,3-three,True,0.9990068
5-rotate,5-rotate,True,0.997147
4-open_close,4-open_close,True,0.9694615
5-rotate,5-rotate,True,0.9993161
2-two,2-two,True,0.98073536
3-three,3-three,True,0.9990006
5-rotate,5-rotate,True,0.9992798
4-open_close,4-open_close,True,0.99958676
5-rotate,5-rotate,True,0.9995627
2-two,2-two,True,0.97934544
3-three,2-two,False,0.35601026
2-two,2-two,True,0.98918754
1-one,1-one,True,0.98662347
4-open_close,4-open_close,True,0.9997565
4-open_close,4-open_close,True,0.99966633
1-one,1-one,True,0.9970962
3-three,3-three,True,0.9982514
3-three,3-three,True,0.9948072
2-two,2-two,True,0.9874845
3-three,3-three,True,0.9993782
3-three,3-three,True,0.9989594
5-rotate,5-rotate,True,0.9998105
3-three,3-three,True,0.99786
7-victory,7-victory,True,0.82414186
3-three,3-three,True,0.9987557
7-victory,7-victory,True,0.99909925
5-rotate,5-rotate,True,0.998574
3-three,3-three,True,0.8590833
5-rotate,5-rotate,True,0.99954635
2-two,2-two,True,0.9797125
7-victory,7-victory,True,0.8605927
7-victory,7-victory,True,0.99328786
7-victory,7-victory,True,0.89521635
7-victory,7-victory,True,0.9997805
2-two,2-two,True,0.97185224
2-two,2-two,True,0.9920359
7-victory,7-victory,True,0.9979144
2-two,2-two,True,0.97856313
7-victory,7-victory,True,0.99662566
4-open_close,7-victory,False,0.6196449
3-three,3-three,True,0.9901544
2-two,2-two,True,0.9685588
3-three,3-three,True,0.9995745
4-open_close,4-open_close,True,0.9990908
4-open_close,4-open_close,True,0.99687576
7-victory,7-victory,True,0.99706656
3-three,7-victory,False,0.38518515
1-one,1-one,True,0.99738675
2-two,2-two,True,0.99549025
3-three,3-three,True,0.9958015
2-two,3-three,False,0.9226842
1-one,1-one,True,0.98056304
2-two,2-two,True,0.9947588
5-rotate,5-rotate,True,0.9985683
1-one,1-one,True,0.99889576
4-open_close,4-open_close,True,0.9993493
2-two,2-two,True,0.9961755
5-rotate,5-rotate,True,0.9995648
1-one,1-one,True,0.9940639
7-victory,7-victory,True,0.9986136
1-one,2-two,False,0.98950326
5-rotate,5-rotate,True,0.999453
3-three,3-three,True,0.99934727
2-two,2-two,True,0.9332041
2-two,2-two,True,0.9923516
7-victory,7-victory,True,0.9973266
2-two,2-two,True,0.8172164
1-one,1-one,True,0.999015
1-one,1-one,True,0.9967301
2-two,2-two,True,0.98753023
1-one,1-one,True,0.9965084
3-three,3-three,True,0.9983985
7-victory,7-victory,True,0.95682466
3-three,3-three,True,0.9960418
7-victory,7-victory,True,0.9990578
2-two,2-two,True,0.9876587
1-one,7-victory,False,0.6721076
7-victory,7-victory,True,0.99986064
1-one,1-one,True,0.9931855
3-three,3-three,True,0.9992803
3-three,3-three,True,0.99906856
3-three,3-three,True,0.9994456
4-open_close,4-open_close,True,0.9991412
7-victory,7-victory,True,0.9958087
3-three,3-three,True,0.99045426
5-rotate,5-rotate,True,0.99750525
5-rotate,5-rotate,True,0.99958545
7-victory,7-victory,True,0.447756
2-two,2-two,True,0.983823
3-three,3-three,True,0.9489036
4-open_close,4-open_close,True,0.9993162
2-two,2-two,True,0.9926475
7-victory,7-victory,True,0.9996082
4-open_close,4-open_close,True,0.9996308
4-open_close,4-open_close,True,0.99954766
2-two,2-two,True,0.36255777
2-two,2-two,True,0.9912224
1-one,1-one,True,0.9895573
4-open_close,4-open_close,True,0.66637164
1-one,1-one,True,0.9953897
2-two,2-two,True,0.9818349
4-open_close,4-open_close,True,0.99984384
4-open_close,2-two,False,0.33711752
7-victory,7-victory,True,0.9982687
2-two,2-two,True,0.99047357
7-victory,7-victory,True,0.9838802
2-two,2-two,True,0.9944078
7-victory,7-victory,True,0.999845
4-open_close,4-open_close,True,0.9991154
2-two,2-two,True,0.99696356
2-two,2-two,True,0.9965553
7-victory,7-victory,True,0.9902104
7-victory,7-victory,True,0.9980945
5-rotate,2-two,False,0.49057662
2-two,2-two,True,0.9964217
3-three,3-three,True,0.9966484
2-two,2-two,True,0.9968664
5-rotate,5-rotate,True,0.99953794
2-two,2-two,True,0.98419166
1-one,1-one,True,0.99372596
3-three,3-three,True,0.9994387
5-rotate,5-rotate,True,0.99952006
2-two,2-two,True,0.42543447
4-open_close,4-open_close,True,0.9914937
2-two,2-two,True,0.9872901
7-victory,7-victory,True,0.9993948
7-victory,7-victory,True,0.99253005
3-three,3-three,True,0.99868506
3-three,7-victory,False,0.4006089
2-two,2-two,True,0.5419278
4-open_close,4-open_close,True,0.99943215
2-two,2-two,True,0.3999246
7-victory,7-victory,True,0.97619563
3-three,3-three,True,0.99889475
3-three,2-two,False,0.48876876
7-victory,7-victory,True,0.36879346
5-rotate,5-rotate,True,0.99975413
3-three,3-three,True,0.99761415
4-open_close,4-open_close,True,0.9990079
4-open_close,4-open_close,True,0.9997296
2-two,2-two,True,0.9804503
7-victory,7-victory,True,0.9983375
2-two,2-two,True,0.9919968
4-open_close,4-open_close,True,0.999572
2-two,2-two,True,0.9269509
3-three,3-three,True,0.9792594
3-three,3-three,True,0.9967706
5-rotate,5-rotate,True,0.9993018
3-three,3-three,True,0.99421614
2-two,2-two,True,0.9899824
4-open_close,4-open_close,True,0.9995127
2-two,1-one,False,0.39685777
7-victory,7-victory,True,0.9994815
7-victory,7-victory,True,0.98248786
3-three,3-three,True,0.9963097
3-three,3-three,True,0.9925189
7-victory,7-victory,True,0.9976407
4-open_close,4-open_close,True,0.999539
5-rotate,5-rotate,True,0.9997193
7-victory,7-victory,True,0.9521661
3-three,3-three,True,0.99953747
1-one,1-one,True,0.99912506
3-three,3-three,True,0.9982498
5-rotate,5-rotate,True,0.99949694
7-victory,7-victory,True,0.9064014
5-rotate,5-rotate,True,0.99952245
1-one,1-one,True,0.98118275
1-one,1-one,True,0.9991185
4-open_close,4-open_close,True,0.9987993
7-victory,7-victory,True,0.9967529
2-two,2-two,True,0.993523
7-victory,7-victory,True,0.9996834
4-open_close,4-open_close,True,0.9997009
5-rotate,5-rotate,True,0.99883956
2-two,2-two,True,0.98536414
4-open_close,4-open_close,True,0.99961096
5-rotate,5-rotate,True,0.9969265
2-two,2-two,True,0.9738063
4-open_close,4-open_close,True,0.9988527
3-three,3-three,True,0.9997241
3-three,3-three,True,0.9981027
3-three,3-three,True,0.9725477
7-victory,7-victory,True,0.99437535
2-two,2-two,True,0.88854176
7-victory,2-two,False,0.73250574
2-two,2-two,True,0.51507425
3-three,3-three,True,0.99975187
1-one,1-one,True,0.9981527
7-victory,7-victory,True,0.9997048
3-three,3-three,True,0.99115086
7-victory,7-victory,True,0.9990773
3-three,7-victory,False,0.47405472
1-one,1-one,True,0.99832016
1-one,1-one,True,0.9992224
1-one,1-one,True,0.99919003
2-two,2-two,True,0.96817344
2-two,2-two,True,0.99609643
2-two,2-two,True,0.99721944
3-three,3-three,True,0.99639744
3-three,3-three,True,0.9959402
7-victory,7-victory,True,0.9943099
4-open_close,4-open_close,True,0.87358385
7-victory,7-victory,True,0.9998392
7-victory,7-victory,True,0.99474937
5-rotate,5-rotate,True,0.99953985
4-open_close,4-open_close,True,0.99984646
7-victory,7-victory,True,0.97354
1-one,1-one,True,0.9984314
3-three,3-three,True,0.9987519
4-open_close,4-open_close,True,0.9997925
7-victory,7-victory,True,0.7156326
2-two,2-two,True,0.9955668
7-victory,7-victory,True,0.98856467
1-one,7-victory,False,0.46670967
2-two,4-open_close,False,0.74764913
3-three,3-three,True,0.99890184
3-three,3-three,True,0.9989386
5-rotate,5-rotate,True,0.9997484
7-victory,7-victory,True,0.9721237
2-two,2-two,True,0.99664944
7-victory,7-victory,True,0.99592304
1-one,1-one,True,0.99884677
7-victory,7-victory,True,0.99737966
7-victory,7-victory,True,0.98860735
3-three,3-three,True,0.99904996
3-three,3-three,True,0.9995764
1-one,1-one,True,0.9968078
7-victory,7-victory,True,0.9769105
2-two,2-two,True,0.9904604
2-two,2-two,True,0.9932075
3-three,3-three,True,0.9814177
7-victory,7-victory,True,0.9903093
5-rotate,5-rotate,True,0.999503
3-three,3-three,True,0.9973055
3-three,3-three,True,0.9983046
2-two,2-two,True,0.99372876
7-victory,7-victory,True,0.94195306
7-victory,7-victory,True,0.98943514
7-victory,7-victory,True,0.9964216
7-victory,7-victory,True,0.89726543
2-two,2-two,True,0.99667203
3-three,3-three,True,0.97868747
3-three,3-three,True,0.9507751
3-three,3-three,True,0.997619
2-two,2-two,True,0.9931201
3-three,3-three,True,0.9973489
3-three,3-three,True,0.9937449
5-rotate,5-rotate,True,0.99967396
4-open_close,4-open_close,True,0.91445446
3-three,3-three,True,0.5250582
3-three,7-victory,False,0.42380372
5-rotate,5-rotate,True,0.5065062
7-victory,7-victory,True,0.9958587
7-victory,5-rotate,False,0.36868498
5-rotate,5-rotate,True,0.9986766
2-two,2-two,True,0.9979103
1-one,4-open_close,False,0.6766643
2-two,3-three,False,0.47446278
3-three,3-three,True,0.9995654
7-victory,7-victory,True,0.98511535
5-rotate,5-rotate,True,0.9996768
2-two,2-two,True,0.9843651
3-three,3-three,True,0.99956816
1-one,1-one,True,0.99938846
7-victory,3-three,False,0.533608
2-two,2-two,True,0.9968258
7-victory,7-victory,True,0.9909888
7-victory,7-victory,True,0.99558747
7-victory,7-victory,True,0.8815837
2-two,2-two,True,0.9954659
2-two,2-two,True,0.9847698
7-victory,7-victory,True,0.9994155
3-three,3-three,True,0.99832946
7-victory,7-victory,True,0.9984762
7-victory,7-victory,True,0.9165434
2-two,2-two,True,0.9968562
1-one,1-one,True,0.9970976
3-three,3-three,True,0.9992244
5-rotate,5-rotate,True,0.99941957
4-open_close,4-open_close,True,0.999632
4-open_close,4-open_close,True,0.99852365
2-two,2-two,True,0.69152933
1-one,4-open_close,False,0.7577366
1-one,7-victory,False,0.599005
3-three,3-three,True,0.9971949
2-two,2-two,True,0.9960278
3-three,3-three,True,0.9913572
2-two,2-two,True,0.7819843
3-three,3-three,True,0.9994398
2-two,2-two,True,0.88522506
4-open_close,4-open_close,True,0.99936706
1-one,1-one,True,0.99906236
7-victory,7-victory,True,0.8738237
4-open_close,4-open_close,True,0.99965143
3-three,3-three,True,0.99401075
2-two,2-two,True,0.9367383
2-two,2-two,True,0.9706233
7-victory,7-victory,True,0.84143364
5-rotate,5-rotate,True,0.99700963
2-two,2-two,True,0.99644285
4-open_close,4-open_close,True,0.99816567
1-one,1-one,True,0.9987612
7-victory,7-victory,True,0.9978829
7-victory,7-victory,True,0.98971725
3-three,3-three,True,0.9994167
2-two,2-two,True,0.9446774
2-two,2-two,True,0.58725196
3-three,3-three,True,0.9883183
4-open_close,4-open_close,True,0.9997243
2-two,2-two,True,0.90884876
5-rotate,5-rotate,True,0.9996147
4-open_close,4-open_close,True,0.9994636
1-one,3-three,False,0.51928085
5-rotate,5-rotate,True,0.9998129
3-three,2-two,False,0.4398952
2-two,2-two,True,0.9790718
5-rotate,5-rotate,True,0.9997547
4-open_close,4-open_close,True,0.9996234
3-three,3-three,True,0.99962294
5-rotate,5-rotate,True,0.9996687
2-two,2-two,True,0.8239708
7-victory,7-victory,True,0.50529253
5-rotate,5-rotate,True,0.9994759
2-two,2-two,True,0.9745905
2-two,2-two,True,0.96564674
7-victory,7-victory,True,0.9853592
3-three,3-three,True,0.99785334
7-victory,7-victory,True,0.9956104
7-victory,7-victory,True,0.9982644
3-three,3-three,True,0.9789644
3-three,3-three,True,0.9937115
3-three,3-three,True,0.94834197
2-two,2-two,True,0.9925713
7-victory,3-three,False,0.44524363
4-open_close,4-open_close,True,0.9975007
1-one,1-one,True,0.99933773
2-two,2-two,True,0.96929854
4-open_close,4-open_close,True,0.99786973
5-rotate,5-rotate,True,0.9995758
4-open_close,4-open_close,True,0.9996
3-three,3-three,True,0.9997004
1-one,1-one,True,0.97438747
1-one,1-one,True,0.99798393
3-three,3-three,True,0.999388
3-three,3-three,True,0.98967206
3-three,3-three,True,0.98924273
2-two,3-three,False,0.5408827
7-victory,7-victory,True,0.99431133
3-three,3-three,True,0.9971861
1-one,1-one,True,0.9986167
3-three,3-three,True,0.99891865
3-three,3-three,True,0.9991215
7-victory,7-victory,True,0.9973024
3-three,3-three,True,0.9941121
2-two,2-two,True,0.98219705
4-open_close,4-open_close,True,0.99868566
1-one,1-one,True,0.98696774
5-rotate,7-victory,False,0.30306703
2-two,7-victory,False,0.39311484
3-three,3-three,True,0.9983046
3-three,3-three,True,0.9990664
7-victory,7-victory,True,0.99809366
2-two,2-two,True,0.97051686
7-victory,7-victory,True,0.99920624
5-rotate,5-rotate,True,0.99921584
3-three,3-three,True,0.99871755
7-victory,2-two,False,0.9437355
3-three,7-victory,False,0.35284412
7-victory,7-victory,True,0.9818126
3-three,3-three,True,0.99722016
7-victory,7-victory,True,0.99623835
5-rotate,5-rotate,True,0.9993555
2-two,2-two,True,0.9915863
5-rotate,2-two,False,0.38049656
2-two,2-two,True,0.97961116
5-rotate,5-rotate,True,0.9996369
2-two,2-two,True,0.9889932
7-victory,3-three,False,0.35095048
2-two,2-two,True,0.99082106
7-victory,7-victory,True,0.99965847
5-rotate,5-rotate,True,0.99972314
2-two,2-two,True,0.992311
1-one,7-victory,False,0.36957946
7-victory,7-victory,True,0.983609
7-victory,7-victory,True,0.9935182
4-open_close,2-two,False,0.74518025
1-one,1-one,True,0.9933913
2-two,2-two,True,0.86732155
3-three,3-three,True,0.99920803
3-three,3-three,True,0.9965836
2-two,2-two,True,0.90795773
1-one,1-one,True,0.9983729
2-two,2-two,True,0.8658326
1-one,1-one,True,0.99877125
7-victory,7-victory,True,0.88498276
2-two,2-two,True,0.9901782
2-two,2-two,True,0.99374074
2-two,2-two,True,0.9926374
1-one,1-one,True,0.99798274
7-victory,7-victory,True,0.99890137
7-victory,7-victory,True,0.72671854
7-victory,7-victory,True,0.99979717
4-open_close,4-open_close,True,0.99941456
2-two,2-two,True,0.99638665
2-two,2-two,True,0.9940427
5-rotate,5-rotate,True,0.99957496
3-three,3-three,True,0.92322797
7-victory,7-victory,True,0.9570178
5-rotate,5-rotate,True,0.99921155
4-open_close,4-open_close,True,0.9992235
3-three,3-three,True,0.9890667
3-three,3-three,True,0.99864584
4-open_close,4-open_close,True,0.9997663
4-open_close,4-open_close,True,0.9992549
2-two,2-two,True,0.8695274
2-two,2-two,True,0.99463564
3-three,3-three,True,0.99571204
7-victory,7-victory,True,0.9997882
4-open_close,4-open_close,True,0.9998685
1-one,1-one,True,0.99679923
1-one,1-one,True,0.99904686
1-one,1-one,True,0.997459
4-open_close,4-open_close,True,0.9861254
2-two,2-two,True,0.99478585
1-one,1-one,True,0.99801457
7-victory,7-victory,True,0.9992543
1-one,1-one,True,0.9974017
7-victory,7-victory,True,0.9988403
4-open_close,4-open_close,True,0.99696916
5-rotate,5-rotate,True,0.9996505
2-two,2-two,True,0.9940209
2-two,2-two,True,0.98503613
7-victory,7-victory,True,0.99966395
1-one,1-one,True,0.99478275
3-three,3-three,True,0.9890726
7-victory,7-victory,True,0.99731076
1-one,1-one,True,0.99006826
1-one,1-one,True,0.998963
2-two,2-two,True,0.99533314
3-three,3-three,True,0.99856585
3-three,3-three,True,0.9977449
2-two,2-two,True,0.995246
7-victory,7-victory,True,0.99652463
7-victory,7-victory,True,0.99189633
7-victory,7-victory,True,0.99964523
1-one,3-three,False,0.3942321
5-rotate,3-three,False,0.55151224
3-three,3-three,True,0.9989994
3-three,3-three,True,0.9986777
3-three,3-three,True,0.9980077
4-open_close,4-open_close,True,0.9996922
5-rotate,5-rotate,True,0.99925894
7-victory,7-victory,True,0.999648
2-two,2-two,True,0.9969093
4-open_close,4-open_close,True,0.9957729
5-rotate,5-rotate,True,0.99961805
4-open_close,4-open_close,True,0.9994128
7-victory,7-victory,True,0.666976
5-rotate,5-rotate,True,0.99949384
7-victory,7-victory,True,0.38362902
3-three,3-three,True,0.8023679
7-victory,7-victory,True,0.9976011
2-two,2-two,True,0.9723938
7-victory,7-victory,True,0.994609
1-one,1-one,True,0.9985551
7-victory,7-victory,True,0.3506167
3-three,3-three,True,0.9992354
5-rotate,5-rotate,True,0.99956673
2-two,2-two,True,0.81745017
7-victory,7-victory,True,0.96876615
7-victory,7-victory,True,0.9853527
3-three,4-open_close,False,0.6334181
4-open_close,4-open_close,True,0.999471
7-victory,7-victory,True,0.9917325
4-open_close,4-open_close,True,0.9990207
7-victory,7-victory,True,0.99968004
3-three,3-three,True,0.99362093
3-three,3-three,True,0.9994037
1-one,1-one,True,0.97479147
5-rotate,5-rotate,True,0.9994067
7-victory,7-victory,True,0.99270517
1-one,1-one,True,0.99838173
1-one,1-one,True,0.991452
5-rotate,5-rotate,True,0.9993253
1-one,3-three,False,0.39298192
7-victory,7-victory,True,0.98290884
1-one,1-one,True,0.9952762
2-two,2-two,True,0.9933161
2-two,2-two,True,0.99254006
7-victory,7-victory,True,0.9993625
3-three,3-three,True,0.998528
3-three,3-three,True,0.99818367
3-three,3-three,True,0.995414
3-three,3-three,True,0.9979386
5-rotate,7-victory,False,0.4676517
1-one,1-one,True,0.3518891
2-two,2-two,True,0.9989254
1-one,2-two,False,0.33546954
3-three,3-three,True,0.9974751
5-rotate,5-rotate,True,0.9987191
7-victory,7-victory,True,0.99764544
2-two,2-two,True,0.9604
2-two,2-two,True,0.9933119
7-victory,7-victory,True,0.96990436
3-three,3-three,True,0.9944336
3-three,2-two,False,0.83456254
3-three,3-three,True,0.9974125
7-victory,7-victory,True,0.99094194
5-rotate,5-rotate,True,0.99909854
3-three,3-three,True,0.9740312
4-open_close,4-open_close,True,0.9997546
7-victory,3-three,False,0.3871697
7-victory,7-victory,True,0.9824278
2-two,2-two,True,0.98864883
3-three,3-three,True,0.9970018
2-two,2-two,True,0.8716091
2-two,2-two,True,0.7640389
1-one,1-one,True,0.9989009
7-victory,7-victory,True,0.99669963
2-two,2-two,True,0.9780385
4-open_close,4-open_close,True,0.9996494
7-victory,7-victory,True,0.9992281
2-two,2-two,True,0.99422294
5-rotate,5-rotate,True,0.9998209
1-one,1-one,True,0.9963246
3-three,3-three,True,0.9985922
7-victory,7-victory,True,0.99634236
2-two,2-two,True,0.9572056
3-three,3-three,True,0.372405
4-open_close,4-open_close,True,0.9996723
2-two,2-two,True,0.9924212
2-two,2-two,True,0.9929934
2-two,2-two,True,0.83300793
5-rotate,5-rotate,True,0.9991092
7-victory,7-victory,True,0.35360906
3-three,3-three,True,0.9992347
4-open_close,4-open_close,True,0.99678624
3-three,3-three,True,0.9991911
5-rotate,5-rotate,True,0.99959546
4-open_close,4-open_close,True,0.9993881
2-two,2-two,True,0.9722086
3-three,3-three,True,0.9996159
2-two,2-two,True,0.412471
3-three,3-three,True,0.99761283
5-rotate,5-rotate,True,0.9984869
1-one,1-one,True,0.9876101
4-open_close,2-two,False,0.41577506
2-two,2-two,True,0.99843925
4-open_close,4-open_close,True,0.39786205
2-two,2-two,True,0.9830956
5-rotate,5-rotate,True,0.9991223
2-two,2-two,True,0.99756795
7-victory,7-victory,True,0.8725268
7-victory,7-victory,True,0.9646592
7-victory,3-three,False,0.30363026
3-three,3-three,True,0.9995409
1-one,1-one,True,0.99927086
1-one,1-one,True,0.99219525
5-rotate,5-rotate,True,0.92518467
7-victory,7-victory,True,0.9986149
1-one,3-three,False,0.40790397
7-victory,7-victory,True,0.94509614
4-open_close,4-open_close,True,0.9993844
7-victory,7-victory,True,0.99711156
5-rotate,5-rotate,True,0.9996984
1-one,1-one,True,0.9930823
4-open_close,4-open_close,True,0.99972206
2-two,3-three,False,0.49875855
7-victory,7-victory,True,0.9997782
3-three,3-three,True,0.9799385
7-victory,7-victory,True,0.99935883
1-one,1-one,True,0.99810934
3-three,3-three,True,0.9996679
3-three,3-three,True,0.99944156
4-open_close,4-open_close,True,0.99818534
4-open_close,4-open_close,True,0.9965527
2-two,2-two,True,0.98841244
7-victory,7-victory,True,0.9991093
5-rotate,5-rotate,True,0.9997068
7-victory,7-victory,True,0.998588
3-three,3-three,True,0.63972235
4-open_close,2-two,False,0.3874695
2-two,2-two,True,0.9959137
2-two,2-two,True,0.986113
3-three,3-three,True,0.9992811
2-two,2-two,True,0.98698694
7-victory,7-victory,True,0.9996729
2-two,2-two,True,0.9720162
3-three,3-three,True,0.9953941
3-three,3-three,True,0.99869496
5-rotate,5-rotate,True,0.99947125
4-open_close,4-open_close,True,0.99966455
2-two,2-two,True,0.9921475
1-one,1-one,True,0.9991026
2-two,2-two,True,0.99676406
3-three,2-two,False,0.7269421
3-three,3-three,True,0.9831692
5-rotate,5-rotate,True,0.99893326
3-three,3-three,True,0.87990695
3-three,3-three,True,0.97365934
5-rotate,5-rotate,True,0.99963737
7-victory,7-victory,True,0.999726
3-three,3-three,True,0.99637526
4-open_close,4-open_close,True,0.99945337
4-open_close,4-open_close,True,0.9967348
7-victory,7-victory,True,0.76689184
3-three,3-three,True,0.9947666
3-three,3-three,True,0.99936694
5-rotate,5-rotate,True,0.9940859
1-one,1-one,True,0.99765754
4-open_close,4-open_close,True,0.99931586
7-victory,7-victory,True,0.86583567
4-open_close,3-three,False,0.6602967
2-two,7-victory,False,0.5034691
4-open_close,4-open_close,True,0.9996125
7-victory,7-victory,True,0.9424466
5-rotate,5-rotate,True,0.99278075
3-three,3-three,True,0.998547
7-victory,7-victory,True,0.9996082
3-three,3-three,True,0.99435943
2-two,2-two,True,0.93523926
7-victory,7-victory,True,0.92424965
3-three,3-three,True,0.9982405
4-open_close,4-open_close,True,0.99972254
2-two,2-two,True,0.6246673
5-rotate,5-rotate,True,0.98066336
2-two,2-two,True,0.84968174
2-two,2-two,True,0.95429283
7-victory,7-victory,True,0.9381841
7-victory,7-victory,True,0.9906776
3-three,3-three,True,0.9997234
7-victory,7-victory,True,0.99907255
7-victory,7-victory,True,0.88121307
7-victory,7-victory,True,0.99954444
7-victory,1-one,False,0.83707184
7-victory,7-victory,True,0.9818418
2-two,2-two,True,0.97021914
7-victory,7-victory,True,0.9881841
4-open_close,4-open_close,True,0.9973024
2-two,2-two,True,0.9941397
3-three,3-three,True,0.9992029
7-victory,7-victory,True,0.9990896
1-one,1-one,True,0.9984212
4-open_close,4-open_close,True,0.9994017
5-rotate,5-rotate,True,0.9990086
2-two,2-two,True,0.9965017
1-one,7-victory,False,0.4786045
2-two,2-two,True,0.92430353
2-two,2-two,True,0.95453006
2-two,2-two,True,0.9982463
5-rotate,5-rotate,True,0.9995154
4-open_close,4-open_close,True,0.9996177
3-three,3-three,True,0.99917585
2-two,2-two,True,0.99421656
1-one,3-three,False,0.5613079
4-open_close,4-open_close,True,0.9997999
2-two,2-two,True,0.97625786
2-two,1-one,False,0.76302075
3-three,3-three,True,0.99927884
2-two,5-rotate,False,0.5383835
7-victory,7-victory,True,0.99879634
2-two,2-two,True,0.8381792
4-open_close,4-open_close,True,0.9998287
4-open_close,4-open_close,True,0.9973398
3-three,3-three,True,0.999204
3-three,3-three,True,0.99751747
2-two,2-two,True,0.9964296
7-victory,7-victory,True,0.9992487
5-rotate,5-rotate,True,0.9997701
4-open_close,4-open_close,True,0.9948672
7-victory,7-victory,True,0.9485889
2-two,2-two,True,0.9692017
2-two,2-two,True,0.988425
7-victory,7-victory,True,0.99256235
4-open_close,4-open_close,True,0.9996654
2-two,2-two,True,0.96967363
3-three,3-three,True,0.99671495
1-one,1-one,True,0.9991466
7-victory,7-victory,True,0.9996462
3-three,3-three,True,0.9910994
4-open_close,4-open_close,True,0.9981091
4-open_close,4-open_close,True,0.9996088
3-three,2-two,False,0.3578205
7-victory,7-victory,True,0.9989083
4-open_close,4-open_close,True,0.99471927
2-two,2-two,True,0.994733
7-victory,7-victory,True,0.97704166
4-open_close,4-open_close,True,0.99893457
4-open_close,4-open_close,True,0.99959344
3-three,2-two,False,0.3502992
4-open_close,4-open_close,True,0.99957746
2-two,2-two,True,0.99639696
7-victory,7-victory,True,0.9973488
2-two,2-two,True,0.98629606
3-three,3-three,True,0.99916625
5-rotate,5-rotate,True,0.99983895
5-rotate,5-rotate,True,0.9998739
2-two,2-two,True,0.9268275
5-rotate,5-rotate,True,0.99905056
2-two,2-two,True,0.9929304
4-open_close,4-open_close,True,0.99963844
2-two,2-two,True,0.9910256
3-three,3-three,True,0.9982439
2-two,2-two,True,0.9967145
4-open_close,4-open_close,True,0.99933004
2-two,2-two,True,0.9773587
1-one,1-one,True,0.9992021
1-one,1-one,True,0.9978671
2-two,3-three,False,0.35121438
7-victory,7-victory,True,0.9981365
2-two,2-two,True,0.99441826
7-victory,7-victory,True,0.9202909
3-three,2-two,False,0.53762007
1-one,1-one,True,0.9969716
3-three,3-three,True,0.99638593
3-three,3-three,True,0.9995807
3-three,3-three,True,0.96220046
3-three,3-three,True,0.98420334
4-open_close,4-open_close,True,0.9998043
4-open_close,4-open_close,True,0.9936098
1-one,1-one,True,0.99879456
7-victory,7-victory,True,0.94711906
3-three,3-three,True,0.99849725
3-three,3-three,True,0.9985898
7-victory,7-victory,True,0.9947667
2-two,2-two,True,0.7162898
2-two,2-two,True,0.97941566
7-victory,5-rotate,False,0.39387694
3-three,3-three,True,0.999131
3-three,3-three,True,0.99912304
2-two,2-two,True,0.99648654
5-rotate,5-rotate,True,0.9994456
1-one,1-one,True,0.9987067
3-three,3-three,True,0.98311067
7-victory,7-victory,True,0.99783665
5-rotate,5-rotate,True,0.9972255
3-three,3-three,True,0.9972167
3-three,3-three,True,0.99329525
4-open_close,4-open_close,True,0.99684876
2-two,2-two,True,0.92124265
3-three,3-three,True,0.99891937
7-victory,7-victory,True,0.9965857
3-three,1-one,False,0.2841402
5-rotate,5-rotate,True,0.9298443
7-victory,7-victory,True,0.96311486
1-one,1-one,True,0.99921596
7-victory,7-victory,True,0.9908722
2-two,2-two,True,0.9827024
2-two,2-two,True,0.99294937
3-three,3-three,True,0.99897194
7-victory,7-victory,True,0.99895656
4-open_close,4-open_close,True,0.99946076
4-open_close,4-open_close,True,0.99974424
4-open_close,4-open_close,True,0.9996567
2-two,2-two,True,0.98645824
2-two,2-two,True,0.95955
3-three,3-three,True,0.9945693
3-three,3-three,True,0.9982768
5-rotate,5-rotate,True,0.9966421
7-victory,7-victory,True,0.9813275
4-open_close,4-open_close,True,0.9996284
2-two,2-two,True,0.99197394
3-three,3-three,True,0.99521196
4-open_close,4-open_close,True,0.98813164
2-two,2-two,True,0.98670423
5-rotate,5-rotate,True,0.99945635
2-two,2-two,True,0.6371452
3-three,3-three,True,0.99656665
3-three,3-three,True,0.9980963
2-two,2-two,True,0.99699616
3-three,3-three,True,0.9957628
2-two,2-two,True,0.96754754
3-three,3-three,True,0.9989039
5-rotate,5-rotate,True,0.9994825
7-victory,7-victory,True,0.8554333
7-victory,7-victory,True,0.99651563
1-one,1-one,True,0.9929467
2-two,2-two,True,0.9613166
2-two,2-two,True,0.98135155
1-one,1-one,True,0.99856275
3-three,3-three,True,0.99898607
4-open_close,4-open_close,True,0.999819
1-one,1-one,True,0.9970542
7-victory,7-victory,True,0.99282724
3-three,3-three,True,0.998047
3-three,3-three,True,0.9988439
2-two,2-two,True,0.995507
7-victory,7-victory,True,0.9983474
3-three,3-three,True,0.9995497
1-one,1-one,True,0.9980508
5-rotate,5-rotate,True,0.99926525
4-open_close,1-one,False,0.9881197
2-two,2-two,True,0.97572905
7-victory,7-victory,True,0.99951136
4-open_close,4-open_close,True,0.9986261
4-open_close,4-open_close,True,0.9991924
3-three,3-three,True,0.9993247
3-three,3-three,True,0.9916671
5-rotate,5-rotate,True,0.99936086
2-two,2-two,True,0.9848371
1-one,1-one,True,0.9972492
7-victory,4-open_close,False,0.6549554
3-three,3-three,True,0.99871695
3-three,3-three,True,0.9995332
7-victory,7-victory,True,0.99618334
1-one,1-one,True,0.2849502
2-two,2-two,True,0.9480572
4-open_close,2-two,False,0.37971246
1-one,1-one,True,0.9994217
3-three,3-three,True,0.99942744
1-one,1-one,True,0.9986022
4-open_close,4-open_close,True,0.99971753
7-victory,7-victory,True,0.9978387
3-three,3-three,True,0.988766
4-open_close,4-open_close,True,0.9995801
3-three,7-victory,False,0.7551532
7-victory,7-victory,True,0.9958668
7-victory,4-open_close,False,0.6755351
7-victory,7-victory,True,0.9995408
5-rotate,5-rotate,True,0.9989619
7-victory,7-victory,True,0.8796374
2-two,2-two,True,0.9982309
5-rotate,5-rotate,True,0.9982699
1-one,1-one,True,0.9983418
7-victory,7-victory,True,0.9921808
4-open_close,4-open_close,True,0.99980086
3-three,3-three,True,0.99516463
5-rotate,5-rotate,True,0.9989851
3-three,3-three,True,0.99927753
3-three,3-three,True,0.9915206
4-open_close,4-open_close,True,0.99715734
2-two,2-two,True,0.99785197
4-open_close,4-open_close,True,0.9997212
2-two,2-two,True,0.97733396
3-three,3-three,True,0.9987784
3-three,3-three,True,0.77082366
3-three,3-three,True,0.9966588
5-rotate,5-rotate,True,0.99978787
2-two,2-two,True,0.30070964
2-two,2-two,True,0.9981205
7-victory,7-victory,True,0.9943656
4-open_close,4-open_close,True,0.9995876
4-open_close,4-open_close,True,0.9997484
3-three,3-three,True,0.95992446
4-open_close,4-open_close,True,0.9991793
1-one,2-two,False,0.34841228
7-victory,7-victory,True,0.9951603
2-two,2-two,True,0.9908653
2-two,2-two,True,0.9932174
3-three,3-three,True,0.7710515
7-victory,7-victory,True,0.98804224
5-rotate,5-rotate,True,0.99757993
4-open_close,4-open_close,True,0.99965155
7-victory,7-victory,True,0.99958295
3-three,3-three,True,0.9879188
4-open_close,4-open_close,True,0.9988186
4-open_close,4-open_close,True,0.99916506
3-three,3-three,True,0.99919623
2-two,2-two,True,0.88112056
2-two,2-two,True,0.95795435
5-rotate,5-rotate,True,0.99972457
7-victory,7-victory,True,0.9992211
7-victory,7-victory,True,0.999749
4-open_close,4-open_close,True,0.99985063
7-victory,7-victory,True,0.8267866
2-two,2-two,True,0.98997355
2-two,2-two,True,0.9900954
3-three,3-three,True,0.99630874
2-two,2-two,True,0.9972204
5-rotate,5-rotate,True,0.99947387
3-three,3-three,True,0.998386
3-three,3-three,True,0.7558237
2-two,2-two,True,0.9738669
7-victory,7-victory,True,0.8516071
4-open_close,4-open_close,True,0.9995005
4-open_close,4-open_close,True,0.99919015
2-two,2-two,True,0.9416853
2-two,2-two,True,0.9560359
5-rotate,5-rotate,True,0.9994911
5-rotate,5-rotate,True,0.9997396
5-rotate,2-two,False,0.42618915
3-three,3-three,True,0.99944896
5-rotate,5-rotate,True,0.9993338
2-two,2-two,True,0.6340909
2-two,2-two,True,0.62643385
2-two,2-two,True,0.9963014
2-two,2-two,True,0.9881351
2-two,2-two,True,0.9892135
3-three,3-three,True,0.99884677
5-rotate,5-rotate,True,0.9988551
4-open_close,4-open_close,True,0.99898714
3-three,3-three,True,0.7337123
2-two,2-two,True,0.9276541
5-rotate,5-rotate,True,0.99970657
2-two,2-two,True,0.58973986
7-victory,7-victory,True,0.71469146
4-open_close,4-open_close,True,0.99962974
1-one,1-one,True,0.99859256
3-three,3-three,True,0.997638
3-three,3-three,True,0.99753964
7-victory,7-victory,True,0.9872936
2-two,2-two,True,0.98165464
5-rotate,5-rotate,True,0.99891174
5-rotate,5-rotate,True,0.9997273
7-victory,7-victory,True,0.9973508
4-open_close,4-open_close,True,0.99960583
7-victory,7-victory,True,0.9331253
3-three,3-three,True,0.9989207
1-one,1-one,True,0.9974279
3-three,3-three,True,0.99549544
2-two,2-two,True,0.99015033
3-three,3-three,True,0.9992262
1-one,1-one,True,0.99859506
3-three,3-three,True,0.99917465
7-victory,7-victory,True,0.8854648
3-three,3-three,True,0.42794648
3-three,3-three,True,0.9984341
7-victory,7-victory,True,0.9956507
7-victory,7-victory,True,0.9912396
3-three,3-three,True,0.9985781
2-two,2-two,True,0.99729747
5-rotate,5-rotate,True,0.9994079
1-one,1-one,True,0.9992824
4-open_close,4-open_close,True,0.999329
7-victory,7-victory,True,0.99837744
5-rotate,5-rotate,True,0.9926116
7-victory,7-victory,True,0.99806315
2-two,2-two,True,0.8267801
3-three,3-three,True,0.99940825
2-two,2-two,True,0.9885848
2-two,2-two,True,0.9969414
2-two,3-three,False,0.40648594
1-one,1-one,True,0.99832803
2-two,2-two,True,0.96210355
5-rotate,5-rotate,True,0.9949126
4-open_close,4-open_close,True,0.99928975
3-three,3-three,True,0.9995906
5-rotate,5-rotate,True,0.99986506
7-victory,7-victory,True,0.9153375
2-two,2-two,True,0.96671385
7-victory,7-victory,True,0.99921525
3-three,3-three,True,0.99324846
2-two,2-two,True,0.9952825
2-two,2-two,True,0.97848266
5-rotate,5-rotate,True,0.9996884
3-three,3-three,True,0.99874604
7-victory,7-victory,True,0.9960483
3-three,3-three,True,0.9852658
7-victory,7-victory,True,0.9997718
7-victory,7-victory,True,0.99816304
3-three,3-three,True,0.97932
1-one,1-one,True,0.9991535
4-open_close,4-open_close,True,0.99906033
1-one,1-one,True,0.9969598
2-two,2-two,True,0.9945815
7-victory,2-two,False,0.3802963
4-open_close,4-open_close,True,0.9996848
2-two,2-two,True,0.98170084
1-one,1-one,True,0.9993074
4-open_close,4-open_close,True,0.99978
2-two,2-two,True,0.99439394
2-two,2-two,True,0.9695525
3-three,3-three,True,0.9989467
4-open_close,4-open_close,True,0.9997832
7-victory,7-victory,True,0.9911165
3-three,3-three,True,0.99699664
4-open_close,4-open_close,True,0.99908113
2-two,7-victory,False,0.92360324
4-open_close,4-open_close,True,0.9996244
4-open_close,4-open_close,True,0.9992568
1-one,1-one,True,0.99780554
7-victory,7-victory,True,0.9944317
7-victory,7-victory,True,0.99988055
7-victory,7-victory,True,0.9964631
3-three,3-three,True,0.9991227
7-victory,7-victory,True,0.988518
2-two,2-two,True,0.585683
7-victory,7-victory,True,0.9995441
7-victory,7-victory,True,0.99808866
7-victory,7-victory,True,0.99984694
3-three,3-three,True,0.99919873
2-two,2-two,True,0.5057349
3-three,3-three,True,0.99801505
7-victory,2-two,False,0.82098204
3-three,3-three,True,0.9996637
7-victory,7-victory,True,0.9981831
5-rotate,5-rotate,True,0.8010893
1-one,1-one,True,0.9983386
3-three,3-three,True,0.99919647
3-three,3-three,True,0.99953294
4-open_close,2-two,False,0.41784635
2-two,2-two,True,0.997661
7-victory,7-victory,True,0.98472923
2-two,2-two,True,0.9914902
5-rotate,5-rotate,True,0.9995153
1-one,1-one,True,0.99900573
7-victory,2-two,False,0.47539127
7-victory,7-victory,True,0.99913543
7-victory,7-victory,True,0.9717881
4-open_close,4-open_close,True,0.9997538
2-two,2-two,True,0.9908585
2-two,2-two,True,0.99825484
7-victory,7-victory,True,0.99945265
2-two,2-two,True,0.99817836
1-one,1-one,True,0.9969892
3-three,3-three,True,0.8496984
7-victory,7-victory,True,0.99953187
5-rotate,5-rotate,True,0.99970907
4-open_close,2-two,False,0.3504192
3-three,3-three,True,0.9990903
2-two,2-two,True,0.99656963
4-open_close,4-open_close,True,0.9996371
2-two,1-one,False,0.27689427
4-open_close,4-open_close,True,0.99900705
7-victory,7-victory,True,0.74687886
7-victory,3-three,False,0.5554509
4-open_close,3-three,False,0.23678805
7-victory,7-victory,True,0.9758827
7-victory,7-victory,True,0.87520975
2-two,2-two,True,0.9815191
2-two,2-two,True,0.5454786
2-two,2-two,True,0.9447613
3-three,4-open_close,False,0.9693066
7-victory,1-one,False,0.9946891
1-one,1-one,True,0.9984818
7-victory,2-two,False,0.32105812
1-one,1-one,True,0.99883837
5-rotate,5-rotate,True,0.9996063
7-victory,7-victory,True,0.98974425
3-three,3-three,True,0.99867046
3-three,3-three,True,0.9995247
1-one,1-one,True,0.9977163
7-victory,7-victory,True,0.9991394
7-victory,7-victory,True,0.9508863
5-rotate,5-rotate,True,0.9997129
3-three,3-three,True,0.99260426
7-victory,7-victory,True,0.9993925
1-one,1-one,True,0.99782264
4-open_close,4-open_close,True,0.99964476
5-rotate,5-rotate,True,0.9987016
2-two,2-two,True,0.99064064
1-one,1-one,True,0.9992188
5-rotate,5-rotate,True,0.9997365
4-open_close,4-open_close,True,0.99947816
2-two,2-two,True,0.9972205
7-victory,7-victory,True,0.5934511
4-open_close,4-open_close,True,0.99964666
2-two,2-two,True,0.9903195
2-two,2-two,True,0.99336326
1-one,1-one,True,0.9989329
4-open_close,4-open_close,True,0.99928564
7-victory,7-victory,True,0.94085693
5-rotate,5-rotate,True,0.9740602
2-two,3-three,False,0.4041148
7-victory,3-three,False,0.6475895
4-open_close,4-open_close,True,0.9996207
3-three,3-three,True,0.9872635
7-victory,2-two,False,0.52500147
2-two,2-two,True,0.9970824
3-three,3-three,True,0.9980186
2-two,2-two,True,0.99835545
3-three,3-three,True,0.29285207
7-victory,7-victory,True,0.99930143
7-victory,7-victory,True,0.99469095
7-victory,7-victory,True,0.9855678
7-victory,7-victory,True,0.99864846
7-victory,7-victory,True,0.9996549
7-victory,7-victory,True,0.79438853
4-open_close,2-two,False,0.49478707
1-one,1-one,True,0.99929965
7-victory,7-victory,True,0.99850094
4-open_close,4-open_close,True,0.9993519
1-one,1-one,True,0.9987544
3-three,3-three,True,0.9993284
7-victory,7-victory,True,0.9996611
3-three,3-three,True,0.99436414
1-one,1-one,True,0.998784
3-three,3-three,True,0.9647315
4-open_close,4-open_close,True,0.9977502
4-open_close,5-rotate,False,0.7135756
3-three,3-three,True,0.99839514
1-one,1-one,True,0.6983148
1-one,1-one,True,0.99323845
2-two,2-two,True,0.985679
5-rotate,5-rotate,True,0.9990809
1-one,1-one,True,0.9978835
2-two,2-two,True,0.98563796
7-victory,7-victory,True,0.99966323
2-two,2-two,True,0.9899672
5-rotate,5-rotate,True,0.9997929
5-rotate,5-rotate,True,0.99896765
3-three,3-three,True,0.9990728
7-victory,7-victory,True,0.9976726
2-two,2-two,True,0.99804294
4-open_close,4-open_close,True,0.9994979
5-rotate,5-rotate,True,0.99952304
1-one,1-one,True,0.99893314
3-three,3-three,True,0.9993774
2-two,2-two,True,0.9987698
2-two,2-two,True,0.98853755
3-three,3-three,True,0.9948213
2-two,2-two,True,0.99602294
4-open_close,4-open_close,True,0.9992255
3-three,3-three,True,0.34867567
3-three,3-three,True,0.9992386
7-victory,7-victory,True,0.99983025
4-open_close,7-victory,False,0.53299767
3-three,3-three,True,0.9948413
4-open_close,4-open_close,True,0.9993641
5-rotate,5-rotate,True,0.71659225
2-two,2-two,True,0.5685598
2-two,2-two,True,0.9585537
2-two,2-two,True,0.966393
2-two,2-two,True,0.99672616
4-open_close,4-open_close,True,0.99986625
2-two,3-three,False,0.3492459
7-victory,7-victory,True,0.99943596
2-two,2-two,True,0.9747692
2-two,2-two,True,0.9319694
2-two,2-two,True,0.9468899
5-rotate,5-rotate,True,0.9995171
1-one,1-one,True,0.9981824
2-two,2-two,True,0.9421006
4-open_close,4-open_close,True,0.9935318
4-open_close,4-open_close,True,0.9992962
2-two,2-two,True,0.99599516
7-victory,7-victory,True,0.74695635
7-victory,7-victory,True,0.97409195
3-three,3-three,True,0.99923456
3-three,3-three,True,0.99849534
3-three,3-three,True,0.9995142
4-open_close,4-open_close,True,0.9997874
2-two,2-two,True,0.9956593
1-one,1-one,True,0.9992768
7-victory,3-three,False,0.44809055
3-three,3-three,True,0.9955972
4-open_close,4-open_close,True,0.9995369
7-victory,7-victory,True,0.66598415
5-rotate,5-rotate,True,0.99206746
1-one,4-open_close,False,0.44086218
4-open_close,4-open_close,True,0.9993918
4-open_close,4-open_close,True,0.99825794
4-open_close,4-open_close,True,0.9990049
3-three,3-three,True,0.9979614
3-three,3-three,True,0.9996462
7-victory,7-victory,True,0.6859363
4-open_close,4-open_close,True,0.9997515
3-three,3-three,True,0.732585
1-one,1-one,True,0.99735117
1-one,1-one,True,0.99919397
3-three,3-three,True,0.99887055
7-victory,7-victory,True,0.76585114
4-open_close,4-open_close,True,0.99923205
2-two,2-two,True,0.96873456
7-victory,7-victory,True,0.9845463
3-three,3-three,True,0.99831307
1-one,1-one,True,0.99917185
1-one,1-one,True,0.99970526
7-victory,7-victory,True,0.9983973
3-three,5-rotate,False,0.5254935
2-two,2-two,True,0.99082184
1-one,1-one,True,0.95195043
2-two,2-two,True,0.9424376
1-one,1-one,True,0.99867046
2-two,2-two,True,0.983781
5-rotate,5-rotate,True,0.99900997
2-two,2-two,True,0.9970764
4-open_close,4-open_close,True,0.9986488
3-three,3-three,True,0.8689473
7-victory,7-victory,True,0.9994099
7-victory,7-victory,True,0.99766135
5-rotate,5-rotate,True,0.9996346
5-rotate,5-rotate,True,0.9961547
1-one,1-one,True,0.9993197
2-two,2-two,True,0.5316841
2-two,7-victory,False,0.58512944
4-open_close,4-open_close,True,0.99937767
2-two,2-two,True,0.9962536
7-victory,7-victory,True,0.99687934
3-three,3-three,True,0.99734324
5-rotate,5-rotate,True,0.99929047
3-three,3-three,True,0.9990706
5-rotate,5-rotate,True,0.99943227
3-three,3-three,True,0.9371505
7-victory,7-victory,True,0.99024427
3-three,3-three,True,0.99830365
2-two,2-two,True,0.9965881
7-victory,7-victory,True,0.8114308
3-three,3-three,True,0.9969607
3-three,3-three,True,0.9564104
5-rotate,5-rotate,True,0.9631141
2-two,2-two,True,0.9935865
4-open_close,4-open_close,True,0.97759867
2-two,7-victory,False,0.56240714
5-rotate,5-rotate,True,0.9997998
7-victory,7-victory,True,0.99963284
3-three,3-three,True,0.9982948
4-open_close,4-open_close,True,0.9981654
2-two,2-two,True,0.9974783
2-two,2-two,True,0.77968395
1-one,1-one,True,0.9946583
3-three,3-three,True,0.9973158
3-three,3-three,True,0.9988182
7-victory,7-victory,True,0.99871147
1-one,7-victory,False,0.6891381
2-two,2-two,True,0.98990774
2-two,2-two,True,0.9975206
1-one,1-one,True,0.9992637
2-two,2-two,True,0.97226566
5-rotate,5-rotate,True,0.99908745
3-three,3-three,True,0.9988495
1-one,1-one,True,0.99884963
3-three,3-three,True,0.9983367
4-open_close,4-open_close,True,0.9998355
3-three,3-three,True,0.9975051
3-three,3-three,True,0.9994192
5-rotate,5-rotate,True,0.9996276
4-open_close,4-open_close,True,0.9993175
4-open_close,4-open_close,True,0.999778
7-victory,7-victory,True,0.997106
7-victory,7-victory,True,0.9988067
7-victory,7-victory,True,0.9270599
1-one,4-open_close,False,0.99929786
2-two,2-two,True,0.99609476
5-rotate,5-rotate,True,0.9996313
7-victory,7-victory,True,0.99103385
2-two,2-two,True,0.9977442
7-victory,7-victory,True,0.97424275
4-open_close,4-open_close,True,0.9988477
7-victory,7-victory,True,0.98904663
3-three,3-three,True,0.999495
4-open_close,4-open_close,True,0.99933463
3-three,3-three,True,0.62422705
2-two,2-two,True,0.9813526
2-two,2-two,True,0.28020152
3-three,3-three,True,0.99806017
3-three,3-three,True,0.99841225
2-two,2-two,True,0.9584332
7-victory,7-victory,True,0.9913087
2-two,2-two,True,0.79740113
2-two,1-one,False,0.7182863
3-three,3-three,True,0.9995994
3-three,3-three,True,0.9994715
4-open_close,4-open_close,True,0.99929607
5-rotate,1-one,False,0.4723502
3-three,3-three,True,0.999243
2-two,2-two,True,0.99840015
2-two,2-two,True,0.99298567
2-two,2-two,True,0.99747187
7-victory,7-victory,True,0.94346994
4-open_close,4-open_close,True,0.9994418
5-rotate,3-three,False,0.564872
1-one,1-one,True,0.9992223
7-victory,7-victory,True,0.99982005
3-three,3-three,True,0.882627
7-victory,7-victory,True,0.9995215
7-victory,7-victory,True,0.98920864
7-victory,7-victory,True,0.9562768
4-open_close,4-open_close,True,0.9964849
7-victory,7-victory,True,0.9989876
5-rotate,5-rotate,True,0.9996259
1-one,1-one,True,0.9993518
7-victory,7-victory,True,0.97717094
2-two,2-two,True,0.9932573
2-two,2-two,True,0.94878215
2-two,2-two,True,0.96711785
2-two,2-two,True,0.9883137
5-rotate,3-three,False,0.95418155
7-victory,7-victory,True,0.9863419
7-victory,7-victory,True,0.98192203
5-rotate,5-rotate,True,0.9967443
2-two,2-two,True,0.9959484
3-three,3-three,True,0.999734
7-victory,7-victory,True,0.98096234
2-two,2-two,True,0.9648067
7-victory,7-victory,True,0.9995185
3-three,3-three,True,0.99967384
3-three,3-three,True,0.9985329
5-rotate,5-rotate,True,0.999597
1-one,1-one,True,0.9993223
3-three,3-three,True,0.5331812
5-rotate,5-rotate,True,0.38320544
5-rotate,5-rotate,True,0.99971455
3-three,3-three,True,0.9988574
2-two,2-two,True,0.9923046
7-victory,7-victory,True,0.9982437
2-two,2-two,True,0.9631939
3-three,3-three,True,0.99602216
2-two,2-two,True,0.94299436
4-open_close,4-open_close,True,0.9996088
1-one,1-one,True,0.998431
4-open_close,4-open_close,True,0.9996567
2-two,2-two,True,0.9931385
2-two,2-two,True,0.9596082
3-three,3-three,True,0.99930346
7-victory,7-victory,True,0.9992055
5-rotate,5-rotate,True,0.9996735
4-open_close,4-open_close,True,0.99656516
2-two,2-two,True,0.99726415
4-open_close,4-open_close,True,0.99888784
2-two,2-two,True,0.9951579
1-one,1-one,True,0.995773
3-three,3-three,True,0.9986695
1-one,1-one,True,0.99762803
3-three,3-three,True,0.9053351
1-one,1-one,True,0.99783677
2-two,2-two,True,0.78265584
4-open_close,4-open_close,True,0.99953914
7-victory,1-one,False,0.9546414
3-three,3-three,True,0.97684765
3-three,3-three,True,0.999617
4-open_close,4-open_close,True,0.9994673
2-two,2-two,True,0.81711245
2-two,2-two,True,0.99813485
3-three,3-three,True,0.99728453
7-victory,7-victory,True,0.96943206
7-victory,7-victory,True,0.99862766
7-victory,7-victory,True,0.99988735
3-three,3-three,True,0.99485356
5-rotate,5-rotate,True,0.999383
2-two,2-two,True,0.998058
7-victory,7-victory,True,0.98282766
3-three,2-two,False,0.57995963
7-victory,7-victory,True,0.981951
7-victory,3-three,False,0.37600297
4-open_close,7-victory,False,0.36563456
3-three,3-three,True,0.9872376
5-rotate,5-rotate,True,0.99962914
7-victory,7-victory,True,0.963654
3-three,3-three,True,0.99867624
5-rotate,5-rotate,True,0.99941766
7-victory,7-victory,True,0.91864955
1-one,1-one,True,0.99613994
2-two,2-two,True,0.99838173
7-victory,7-victory,True,0.9668022
1-one,1-one,True,0.9895704
7-victory,7-victory,True,0.9979096
7-victory,7-victory,True,0.9988796
2-two,2-two,True,0.9886641
2-two,2-two,True,0.98053247
3-three,3-three,True,0.9918356
2-two,2-two,True,0.6366814
1-one,5-rotate,False,0.28792465
1-one,1-one,True,0.99874264
4-open_close,4-open_close,True,0.9991592
2-two,2-two,True,0.9957718
3-three,3-three,True,0.97367126
5-rotate,5-rotate,True,0.9993832
2-two,2-two,True,0.98984665
3-three,3-three,True,0.9569191
3-three,3-three,True,0.99038154
4-open_close,4-open_close,True,0.9997243
7-victory,7-victory,True,0.9559522
3-three,3-three,True,0.9992924
5-rotate,5-rotate,True,0.99878424
4-open_close,4-open_close,True,0.98030853
1-one,1-one,True,0.9982498
5-rotate,5-rotate,True,0.99959046
3-three,3-three,True,0.9993709
7-victory,7-victory,True,0.9974814
1-one,1-one,True,0.99898297
1-one,1-one,True,0.9995814
5-rotate,5-rotate,True,0.99000555
2-two,2-two,True,0.9937675
2-two,2-two,True,0.9795106
4-open_close,4-open_close,True,0.9995409
1-one,1-one,True,0.9990256
7-victory,7-victory,True,0.99952257
2-two,2-two,True,0.9952734
4-open_close,4-open_close,True,0.99953425
7-victory,7-victory,True,0.99435955
7-victory,7-victory,True,0.99967027
2-two,2-two,True,0.9909462
3-three,3-three,True,0.99908686
2-two,2-two,True,0.8523622
3-three,3-three,True,0.9962579
1-one,1-one,True,0.9990759
3-three,3-three,True,0.99004716
7-victory,7-victory,True,0.72993666
1-one,4-open_close,False,0.55758893
5-rotate,5-rotate,True,0.9996892
7-victory,7-victory,True,0.9987515
7-victory,2-two,False,0.28905776
3-three,3-three,True,0.99821234
3-three,3-three,True,0.99789304
5-rotate,5-rotate,True,0.9995908
2-two,2-two,True,0.9931403
3-three,4-open_close,False,0.4085663
7-victory,7-victory,True,0.91169214
5-rotate,5-rotate,True,0.9993994
3-three,7-victory,False,0.7132973
4-open_close,4-open_close,True,0.9998318
5-rotate,5-rotate,True,0.9996233
2-two,2-two,True,0.9908008
2-two,2-two,True,0.99030566
4-open_close,4-open_close,True,0.98954296
7-victory,7-victory,True,0.9946514
3-three,3-three,True,0.9989843
5-rotate,5-rotate,True,0.9998004
3-three,3-three,True,0.9996711
4-open_close,4-open_close,True,0.9997012
5-rotate,5-rotate,True,0.9995179
7-victory,7-victory,True,0.91174555
5-rotate,3-three,False,0.31541237
1-one,1-one,True,0.9984382
4-open_close,4-open_close,True,0.999764
1-one,1-one,True,0.9977487
4-open_close,4-open_close,True,0.99949694
2-two,2-two,True,0.99539655
4-open_close,4-open_close,True,0.9997341
1-one,1-one,True,0.99510044
2-two,2-two,True,0.95263535
4-open_close,4-open_close,True,0.99931765
2-two,2-two,True,0.9724377
3-three,3-three,True,0.60384554
1-one,1-one,True,0.9975424
7-victory,7-victory,True,0.9991602
5-rotate,5-rotate,True,0.9996394
7-victory,2-two,False,0.9940621
7-victory,7-victory,True,0.9943118
2-two,2-two,True,0.9979
7-victory,7-victory,True,0.9967391
1-one,3-three,False,0.47580296
2-two,2-two,True,0.98838204
2-two,2-two,True,0.8905008
2-two,2-two,True,0.9976407
7-victory,7-victory,True,0.98068374
7-victory,7-victory,True,0.9995875
2-two,2-two,True,0.9878884
2-two,2-two,True,0.9527971
2-two,2-two,True,0.9974081
1-one,1-one,True,0.9993586
1-one,1-one,True,0.99580634
5-rotate,5-rotate,True,0.99920326
3-three,3-three,True,0.4524473
4-open_close,4-open_close,True,0.9991104
7-victory,7-victory,True,0.9944891
7-victory,7-victory,True,0.9290631
7-victory,7-victory,True,0.99885523
2-two,2-two,True,0.49098158
1-one,3-three,False,0.42337793
3-three,3-three,True,0.99848145
5-rotate,5-rotate,True,0.99968123
4-open_close,4-open_close,True,0.9997918
3-three,3-three,True,0.9996146
2-two,2-two,True,0.99074626
7-victory,2-two,False,0.5213226
5-rotate,5-rotate,True,0.99973327
7-victory,7-victory,True,0.9457221
3-three,3-three,True,0.97464925
2-two,2-two,True,0.9034269
4-open_close,4-open_close,True,0.99901617
4-open_close,3-three,False,0.66974086
3-three,2-two,False,0.3382606
3-three,3-three,True,0.99956423
3-three,3-three,True,0.99882346
7-victory,7-victory,True,0.99670875
1-one,1-one,True,0.99973756
3-three,3-three,True,0.9922576
5-rotate,5-rotate,True,0.9962818
5-rotate,5-rotate,True,0.9957545
5-rotate,5-rotate,True,0.9996686
7-victory,7-victory,True,0.9751799
3-three,3-three,True,0.9980976
2-two,2-two,True,0.98668855
7-victory,7-victory,True,0.98936915
5-rotate,5-rotate,True,0.9986796
2-two,7-victory,False,0.36521652
2-two,2-two,True,0.9918893
2-two,2-two,True,0.92818534
5-rotate,5-rotate,True,0.9994772
3-three,3-three,True,0.99854255
4-open_close,4-open_close,True,0.99966526
2-two,2-two,True,0.98023796
3-three,3-three,True,0.99922585
2-two,3-three,False,0.4812349
3-three,3-three,True,0.9992016
1-one,1-one,True,0.99648166
2-two,2-two,True,0.98658687
2-two,2-two,True,0.9831665
7-victory,7-victory,True,0.9961068
1-one,1-one,True,0.99820805
7-victory,7-victory,True,0.9872028
3-three,7-victory,False,0.794451
7-victory,7-victory,True,0.9897141
4-open_close,4-open_close,True,0.99869823
3-three,3-three,True,0.99977
7-victory,7-victory,True,0.9981988
3-three,3-three,True,0.7083782
4-open_close,4-open_close,True,0.9997166
5-rotate,5-rotate,True,0.99908066
2-two,2-two,True,0.91077507
2-two,2-two,True,0.99436474
3-three,3-three,True,0.99961555
3-three,3-three,True,0.9987935
1-one,1-one,True,0.99877876
1-one,2-two,False,0.5440487
3-three,3-three,True,0.90801907
7-victory,7-victory,True,0.9946326
7-victory,7-victory,True,0.7852725
4-open_close,3-three,False,0.5215203
7-victory,3-three,False,0.45571107
7-victory,7-victory,True,0.9969258
3-three,3-three,True,0.98357475
3-three,3-three,True,0.6237863
3-three,3-three,True,0.33492833
3-three,3-three,True,0.9915263
2-two,2-two,True,0.9221705
3-three,3-three,True,0.9982084
1-one,1-one,True,0.99822766
1-one,1-one,True,0.99937135
5-rotate,5-rotate,True,0.99931943
7-victory,7-victory,True,0.9998317
2-two,2-two,True,0.98840094
7-victory,7-victory,True,0.99786144
3-three,3-three,True,0.9995022
7-victory,7-victory,True,0.9887628
2-two,2-two,True,0.8314661
5-rotate,5-rotate,True,0.99710554
1-one,1-one,True,0.9990576
5-rotate,5-rotate,True,0.9996381
5-rotate,5-rotate,True,0.99901605
2-two,2-two,True,0.9627026
3-three,3-three,True,0.9993247
7-victory,7-victory,True,0.9986004
1-one,1-one,True,0.9919573
4-open_close,4-open_close,True,0.9997851
3-three,3-three,True,0.9990676
5-rotate,5-rotate,True,0.99962854
3-three,2-two,False,0.40386683
5-rotate,5-rotate,True,0.99325377
2-two,2-two,True,0.98730135
7-victory,7-victory,True,0.8947046
3-three,3-three,True,0.99709487
7-victory,7-victory,True,0.7045967
7-victory,7-victory,True,0.9331498
5-rotate,5-rotate,True,0.99958557
5-rotate,5-rotate,True,0.9997111
3-three,3-three,True,0.39447978
2-two,7-victory,False,0.53402567
2-two,2-two,True,0.9443309
2-two,2-two,True,0.9806459
2-two,2-two,True,0.98657936
2-two,7-victory,False,0.5917952
7-victory,7-victory,True,0.9897233
4-open_close,4-open_close,True,0.9546836
3-three,3-three,True,0.99890757
2-two,3-three,False,0.9878429
2-two,7-victory,False,0.36471134
2-two,2-two,True,0.9944839
2-two,2-two,True,0.9628012
1-one,1-one,True,0.99885106
2-two,2-two,True,0.9952305
2-two,2-two,True,0.988424
2-two,2-two,True,0.99634475
3-three,3-three,True,0.9983247
2-two,3-three,False,0.5844723
3-three,3-three,True,0.42885733
2-two,2-two,True,0.99096644
7-victory,2-two,False,0.35119396
5-rotate,5-rotate,True,0.9997552
7-victory,7-victory,True,0.9599985
5-rotate,5-rotate,True,0.99595827
4-open_close,4-open_close,True,0.99948657
7-victory,7-victory,True,0.99968493
1-one,1-one,True,0.9983936
4-open_close,4-open_close,True,0.99664164
3-three,3-three,True,0.9996244
5-rotate,5-rotate,True,0.9980994
7-victory,7-victory,True,0.9739204
7-victory,7-victory,True,0.99477404
7-victory,7-victory,True,0.98841697
7-victory,7-victory,True,0.5249985
1-one,3-three,False,0.28993312
5-rotate,5-rotate,True,0.99975806
2-two,2-two,True,0.9944945
7-victory,7-victory,True,0.79518867
1-one,1-one,True,0.998635
7-victory,7-victory,True,0.9964302
3-three,3-three,True,0.99802315
1-one,1-one,True,0.9983621
7-victory,1-one,False,0.9779133
3-three,3-three,True,0.995767
5-rotate,5-rotate,True,0.99881256
7-victory,7-victory,True,0.9759142
5-rotate,5-rotate,True,0.99856395
2-two,2-two,True,0.9944523
3-three,3-three,True,0.42126995
2-two,2-two,True,0.9860784
5-rotate,5-rotate,True,0.9994773
7-victory,7-victory,True,0.99285114
3-three,3-three,True,0.99963665
2-two,2-two,True,0.9926386
2-two,1-one,False,0.3286836
2-two,2-two,True,0.98733693
3-three,7-victory,False,0.7668617
1-one,1-one,True,0.99828136
1-one,1-one,True,0.9971732
3-three,3-three,True,0.99433243
1-one,1-one,True,0.9992778
4-open_close,4-open_close,True,0.9997073
5-rotate,5-rotate,True,0.9969235
5-rotate,5-rotate,True,0.9975707
4-open_close,4-open_close,True,0.9995327
7-victory,7-victory,True,0.9908013
3-three,3-three,True,0.99958366
1-one,1-one,True,0.998396
3-three,3-three,True,0.99958354
2-two,3-three,False,0.7313469
4-open_close,4-open_close,True,0.99972326
2-two,2-two,True,0.9827011
2-two,2-two,True,0.98997587
3-three,3-three,True,0.9971411
1-one,1-one,True,0.9980861
4-open_close,4-open_close,True,0.9995285
2-two,2-two,True,0.9720044
7-victory,3-three,False,0.52804124
4-open_close,4-open_close,True,0.99976224
2-two,2-two,True,0.9980094
3-three,3-three,True,0.9928343
7-victory,7-victory,True,0.9995771
7-victory,7-victory,True,0.45807183
2-two,2-two,True,0.98616564
7-victory,7-victory,True,0.99872607
1-one,1-one,True,0.99655885
4-open_close,1-one,False,0.4990278
3-three,3-three,True,0.9923327
7-victory,7-victory,True,0.9544682
7-victory,7-victory,True,0.99919873
5-rotate,5-rotate,True,0.9987447
5-rotate,5-rotate,True,0.7249862
4-open_close,4-open_close,True,0.99948126
2-two,7-victory,False,0.6229782
2-two,2-two,True,0.5052776
4-open_close,4-open_close,True,0.9997569
4-open_close,4-open_close,True,0.99955875
3-three,3-three,True,0.991322
2-two,2-two,True,0.96559197
7-victory,2-two,False,0.9923683
3-three,2-two,False,0.52110755
2-two,7-victory,False,0.4752794
4-open_close,4-open_close,True,0.94255084
2-two,2-two,True,0.99485815
3-three,3-three,True,0.9993937
7-victory,7-victory,True,0.9774566
7-victory,7-victory,True,0.9937748
2-two,2-two,True,0.9956691
4-open_close,4-open_close,True,0.9996081
3-three,3-three,True,0.99681723
3-three,3-three,True,0.99955815
4-open_close,4-open_close,True,0.9987055
2-two,7-victory,False,0.31613854
1-one,1-one,True,0.99617106
3-three,3-three,True,0.9961838
3-three,3-three,True,0.9991341
4-open_close,4-open_close,True,0.99908924
2-two,2-two,True,0.9955318
2-two,2-two,True,0.949864
4-open_close,3-three,False,0.46153328
5-rotate,5-rotate,True,0.9994049
3-three,3-three,True,0.99924386
3-three,3-three,True,0.997445
2-two,2-two,True,0.9956987
4-open_close,4-open_close,True,0.9997602
1-one,1-one,True,0.9983078
5-rotate,3-three,False,0.5211756
2-two,2-two,True,0.99292153
1-one,1-one,True,0.997743
3-three,3-three,True,0.99927336
7-victory,7-victory,True,0.99953294
1-one,7-victory,False,0.61420375
2-two,2-two,True,0.9967836
2-two,2-two,True,0.99486804
1-one,1-one,True,0.99959046
7-victory,7-victory,True,0.98890126
5-rotate,5-rotate,True,0.9992236
7-victory,7-victory,True,0.9990625
2-two,2-two,True,0.97169423
3-three,3-three,True,0.9989465
7-victory,7-victory,True,0.9955323
1-one,1-one,True,0.9986393
4-open_close,4-open_close,True,0.9996891
3-three,3-three,True,0.58733344
7-victory,7-victory,True,0.8271337
2-two,2-two,True,0.9937087
2-two,2-two,True,0.9971788
3-three,3-three,True,0.9970547
1-one,1-one,True,0.9976286
1-one,1-one,True,0.9975273
4-open_close,1-one,False,0.7692954
1-one,1-one,True,0.99778444
4-open_close,4-open_close,True,0.98434424
5-rotate,5-rotate,True,0.99942905
7-victory,7-victory,True,0.99894494
5-rotate,5-rotate,True,0.9995047
7-victory,7-victory,True,0.99769443
2-two,2-two,True,0.97558266
3-three,3-three,True,0.9979036
7-victory,7-victory,True,0.9986584
5-rotate,5-rotate,True,0.99972624
1-one,3-three,False,0.29101035
2-two,7-victory,False,0.43377352
5-rotate,5-rotate,True,0.99938023
7-victory,7-victory,True,0.99933606
4-open_close,4-open_close,True,0.99576664
7-victory,7-victory,True,0.99751616
4-open_close,4-open_close,True,0.99949217
3-three,3-three,True,0.9985983
3-three,3-three,True,0.99916685
7-victory,7-victory,True,0.99691725
7-victory,7-victory,True,0.9970546
2-two,2-two,True,0.9549369
3-three,3-three,True,0.99869543
1-one,3-three,False,0.5390764
7-victory,7-victory,True,0.97339535
5-rotate,5-rotate,True,0.9937598
1-one,1-one,True,0.9993094
3-three,3-three,True,0.99613166
2-two,2-two,True,0.9819562
4-open_close,4-open_close,True,0.9993325
5-rotate,5-rotate,True,0.9988487
2-two,2-two,True,0.9985556
7-victory,7-victory,True,0.9986467
7-victory,7-victory,True,0.9204846
4-open_close,4-open_close,True,0.9992865
3-three,2-two,False,0.38913846
3-three,3-three,True,0.99602807
3-three,3-three,True,0.98592895
5-rotate,5-rotate,True,0.99917716
3-three,3-three,True,0.9959026
3-three,3-three,True,0.9987801
3-three,3-three,True,0.91067547
3-three,3-three,True,0.9992631
3-three,3-three,True,0.996029
7-victory,7-victory,True,0.99136645
2-two,2-two,True,0.99305326
7-victory,7-victory,True,0.9650494
5-rotate,5-rotate,True,0.99619377
1-one,1-one,True,0.97183496
3-three,3-three,True,0.9995691
2-two,2-two,True,0.9310776
3-three,3-three,True,0.997759
4-open_close,4-open_close,True,0.9990922
3-three,3-three,True,0.9988643
2-two,2-two,True,0.98130935
7-victory,7-victory,True,0.99705386
5-rotate,5-rotate,True,0.99853945
2-two,2-two,True,0.9965744
2-two,2-two,True,0.98514116
7-victory,7-victory,True,0.9989792
7-victory,7-victory,True,0.9996878
1-one,1-one,True,0.9982613
2-two,2-two,True,0.9804022
5-rotate,5-rotate,True,0.9997011
2-two,2-two,True,0.9569795
5-rotate,5-rotate,True,0.9986659
3-three,3-three,True,0.9823186
5-rotate,5-rotate,True,0.99949074
2-two,2-two,True,0.7923013
2-two,2-two,True,0.99915814
7-victory,7-victory,True,0.99545527
7-victory,2-two,False,0.7321729
3-three,3-three,True,0.9285047
7-victory,7-victory,True,0.9985796
2-two,2-two,True,0.99768746
3-three,3-three,True,0.99907637
3-three,3-three,True,0.9980564
5-rotate,5-rotate,True,0.99640024
1-one,7-victory,False,0.29468971
1-one,1-one,True,0.99419725
2-two,2-two,True,0.9890226
3-three,3-three,True,0.99521494
5-rotate,5-rotate,True,0.99956554
7-victory,2-two,False,0.40999022
2-two,2-two,True,0.9356239
3-three,3-three,True,0.8255415
2-two,2-two,True,0.99843067
1-one,1-one,True,0.9871924
2-two,1-one,False,0.9780595
4-open_close,4-open_close,True,0.7794186
2-two,2-two,True,0.5218467
1-one,1-one,True,0.99460137
2-two,2-two,True,0.981807
7-victory,3-three,False,0.4032034
7-victory,7-victory,True,0.9730551
7-victory,7-victory,True,0.98840696
7-victory,7-victory,True,0.9960977
3-three,3-three,True,0.9992198
5-rotate,5-rotate,True,0.9993469
7-victory,7-victory,True,0.9048811
3-three,3-three,True,0.99897385
5-rotate,5-rotate,True,0.9961366
2-two,3-three,False,0.4123835
7-victory,7-victory,True,0.9315167
4-open_close,4-open_close,True,0.9998247
3-three,3-three,True,0.99887604
7-victory,7-victory,True,0.69010997
3-three,3-three,True,0.9994307
1-one,1-one,True,0.9984023
2-two,2-two,True,0.9764879
7-victory,7-victory,True,0.9111549
2-two,2-two,True,0.9964379
2-two,2-two,True,0.9855123
5-rotate,5-rotate,True,0.99855274
1-one,1-one,True,0.9938968
7-victory,7-victory,True,0.9997861
7-victory,7-victory,True,0.9989054
1-one,1-one,True,0.99667823
7-victory,7-victory,True,0.9877308
2-two,3-three,False,0.3359558
1-one,1-one,True,0.9977592
5-rotate,5-rotate,True,0.99925536
2-two,2-two,True,0.99664897
3-three,3-three,True,0.99912804
7-victory,7-victory,True,0.9405046
4-open_close,4-open_close,True,0.9995516
4-open_close,4-open_close,True,0.9976184
5-rotate,5-rotate,True,0.99833655
1-one,1-one,True,0.9992513
3-three,3-three,True,0.71895605
7-victory,7-victory,True,0.9968389
3-three,3-three,True,0.9988681
5-rotate,5-rotate,True,0.99935156
4-open_close,3-three,False,0.4357574
7-victory,7-victory,True,0.9991448
1-one,3-three,False,0.6167902
7-victory,7-victory,True,0.97379136
2-two,2-two,True,0.9957867
2-two,2-two,True,0.9981773
5-rotate,5-rotate,True,0.9992316
2-two,2-two,True,0.31923983
5-rotate,5-rotate,True,0.9996613
3-three,3-three,True,0.9978277
4-open_close,4-open_close,True,0.99680895
5-rotate,5-rotate,True,0.9989085
7-victory,7-victory,True,0.9435238
5-rotate,5-rotate,True,0.9997806
3-three,3-three,True,0.99978715
2-two,2-two,True,0.988872
7-victory,7-victory,True,0.92226696
7-victory,2-two,False,0.8869435
3-three,3-three,True,0.9968773
7-victory,7-victory,True,0.99145573
2-two,2-two,True,0.99442273
1-one,1-one,True,0.99804914
7-victory,7-victory,True,0.9966953
2-two,2-two,True,0.77014536
7-victory,7-victory,True,0.37969798
3-three,3-three,True,0.9993728
3-three,3-three,True,0.9955792
7-victory,7-victory,True,0.99981934
3-three,3-three,True,0.9918351
4-open_close,4-open_close,True,0.9995054
3-three,3-three,True,0.9984097
7-victory,7-victory,True,0.96512115
3-three,3-three,True,0.9981294
5-rotate,5-rotate,True,0.9998312
7-victory,7-victory,True,0.9985808
1-one,1-one,True,0.9706854
4-open_close,4-open_close,True,0.9994444
7-victory,7-victory,True,0.9927705
3-three,3-three,True,0.9941374
1-one,1-one,True,0.9988544
3-three,3-three,True,0.996819
4-open_close,4-open_close,True,0.9880675
4-open_close,4-open_close,True,0.9996697
3-three,3-three,True,0.99710363
2-two,2-two,True,0.9915206
3-three,3-three,True,0.99922884
2-two,2-two,True,0.97719824
5-rotate,5-rotate,True,0.9991967
1-one,1-one,True,0.9983032
3-three,3-three,True,0.9972466
4-open_close,4-open_close,True,0.9832092
7-victory,3-three,False,0.34250817
2-two,2-two,True,0.989111
3-three,3-three,True,0.99822694
7-victory,7-victory,True,0.9218113
4-open_close,4-open_close,True,0.99964523
1-one,1-one,True,0.9985121
4-open_close,4-open_close,True,0.99970466
4-open_close,4-open_close,True,0.9996481
4-open_close,4-open_close,True,0.9977319
7-victory,7-victory,True,0.99257237
5-rotate,5-rotate,True,0.99959713
3-three,3-three,True,0.9800919
5-rotate,5-rotate,True,0.9988317
4-open_close,4-open_close,True,0.99911267
3-three,3-three,True,0.999356
5-rotate,5-rotate,True,0.99817216
2-two,2-two,True,0.9815415
4-open_close,7-victory,False,0.46550155
5-rotate,5-rotate,True,0.9993544
3-three,3-three,True,0.9607172
2-two,2-two,True,0.9383497
4-open_close,4-open_close,True,0.99970514
7-victory,7-victory,True,0.9780522
1-one,4-open_close,False,0.99671197
7-victory,7-victory,True,0.99794656
2-two,2-two,True,0.98885685
7-victory,7-victory,True,0.9970294
5-rotate,5-rotate,True,0.9960115
5-rotate,5-rotate,True,0.99972326
4-open_close,4-open_close,True,0.9995136
2-two,2-two,True,0.8370969
3-three,3-three,True,0.998738
3-three,3-three,True,0.99581003
4-open_close,4-open_close,True,0.9995359
3-three,3-three,True,0.9992778
3-three,3-three,True,0.9957261
7-victory,7-victory,True,0.982787
4-open_close,4-open_close,True,0.99957126
1-one,1-one,True,0.999273
2-two,2-two,True,0.99473417
7-victory,7-victory,True,0.99924743
1-one,1-one,True,0.99924076
3-three,3-three,True,0.99978
1-one,7-victory,False,0.39680967
1-one,1-one,True,0.99900454
7-victory,7-victory,True,0.9830536
2-two,2-two,True,0.960092
4-open_close,4-open_close,True,0.9978929
7-victory,7-victory,True,0.9968231
7-victory,7-victory,True,0.7304772
2-two,2-two,True,0.9932215
3-three,3-three,True,0.997914
2-two,2-two,True,0.98497504
7-victory,7-victory,True,0.99979454
7-victory,7-victory,True,0.9993299
4-open_close,4-open_close,True,0.99932945
3-three,3-three,True,0.99890757
7-victory,7-victory,True,0.9986908
5-rotate,5-rotate,True,0.9997632
1-one,1-one,True,0.99850625
3-three,3-three,True,0.99910825
7-victory,7-victory,True,0.998892
2-two,2-two,True,0.9690992
7-victory,7-victory,True,0.9921681
3-three,2-two,False,0.45296425
5-rotate,5-rotate,True,0.9995153
2-two,2-two,True,0.99883693
4-open_close,4-open_close,True,0.9993467
2-two,3-three,False,0.42435387
2-two,2-two,True,0.9986255
2-two,2-two,True,0.9901626
7-victory,7-victory,True,0.97237664
3-three,3-three,True,0.9994117
7-victory,4-open_close,False,0.99882513
2-two,2-two,True,0.99389124
5-rotate,5-rotate,True,0.9997061
4-open_close,4-open_close,True,0.99984384
5-rotate,5-rotate,True,0.99969625
7-victory,7-victory,True,0.995698
7-victory,7-victory,True,0.54406416
5-rotate,2-two,False,0.30410808
4-open_close,4-open_close,True,0.99900764
4-open_close,4-open_close,True,0.49702683
3-three,3-three,True,0.99827206
4-open_close,4-open_close,True,0.9998061
3-three,3-three,True,0.9813115
7-victory,7-victory,True,0.9242926
1-one,1-one,True,0.99834454
4-open_close,4-open_close,True,0.99949336
2-two,2-two,True,0.99433845
7-victory,7-victory,True,0.85871816
3-three,3-three,True,0.99969685
4-open_close,4-open_close,True,0.9993863
7-victory,2-two,False,0.27065566
3-three,3-three,True,0.98781073
2-two,2-two,True,0.9766907
7-victory,7-victory,True,0.9991685
3-three,3-three,True,0.9989446
3-three,3-three,True,0.99667346
2-two,2-two,True,0.99449426
3-three,3-three,True,0.9948055
3-three,3-three,True,0.9938729
5-rotate,5-rotate,True,0.99889755
3-three,3-three,True,0.9982572
2-two,2-two,True,0.9952081
2-two,2-two,True,0.9816851
4-open_close,1-one,False,0.99917704
4-open_close,4-open_close,True,0.9740849
4-open_close,4-open_close,True,0.9986908
4-open_close,4-open_close,True,0.9996061
5-rotate,5-rotate,True,0.99937207
2-two,3-three,False,0.33314922
3-three,3-three,True,0.9189545
5-rotate,5-rotate,True,0.99953127
7-victory,7-victory,True,0.9915645
1-one,1-one,True,0.8846088
7-victory,7-victory,True,0.9994875
7-victory,7-victory,True,0.9991341
4-open_close,4-open_close,True,0.99970776
3-three,3-three,True,0.99606735
5-rotate,5-rotate,True,0.99950564
4-open_close,4-open_close,True,0.99936944
7-victory,7-victory,True,0.62882555
5-rotate,5-rotate,True,0.9995981
3-three,3-three,True,0.9986803
3-three,3-three,True,0.99974376
7-victory,7-victory,True,0.9991054
7-victory,7-victory,True,0.99239445
3-three,3-three,True,0.9988036
7-victory,7-victory,True,0.90181816
7-victory,7-victory,True,0.99926597
3-three,7-victory,False,0.4322681
5-rotate,5-rotate,True,0.99977607
3-three,3-three,True,0.99951994
3-three,3-three,True,0.9986811
1-one,1-one,True,0.9979911
4-open_close,4-open_close,True,0.7817919
3-three,3-three,True,0.9993666
2-two,2-two,True,0.997162
1-one,1-one,True,0.9986405
3-three,3-three,True,0.9983139
1-one,4-open_close,False,0.8942281
3-three,3-three,True,0.99705374
7-victory,7-victory,True,0.9948048
1-one,1-one,True,0.99838364
1-one,1-one,True,0.99780566
3-three,3-three,True,0.99841166
1-one,1-one,True,0.99402535
3-three,7-victory,False,0.98819447
7-victory,7-victory,True,0.9993774
5-rotate,5-rotate,True,0.99429333
5-rotate,5-rotate,True,0.99947804
3-three,3-three,True,0.587628
7-victory,7-victory,True,0.89705133
3-three,3-three,True,0.9574936
4-open_close,4-open_close,True,0.9997851
4-open_close,4-open_close,True,0.9997316
7-victory,7-victory,True,0.96474177
2-two,2-two,True,0.38083142
7-victory,7-victory,True,0.99167025
3-three,3-three,True,0.9915398
4-open_close,4-open_close,True,0.9991447
5-rotate,5-rotate,True,0.9996433
3-three,3-three,True,0.99936086
2-two,2-two,True,0.99607915
7-victory,7-victory,True,0.979855
2-two,2-two,True,0.92267686
7-victory,7-victory,True,0.9999
1-one,1-one,True,0.9987233
7-victory,7-victory,True,0.9823576
7-victory,7-victory,True,0.99922276
5-rotate,5-rotate,True,0.999326
1-one,1-one,True,0.99845076
4-open_close,4-open_close,True,0.99943334
7-victory,7-victory,True,0.997013
2-two,2-two,True,0.9491217
1-one,2-two,False,0.31903687
2-two,2-two,True,0.995613
3-three,3-three,True,0.49450135
5-rotate,5-rotate,True,0.99827003
2-two,2-two,True,0.9852587
2-two,2-two,True,0.98685724
1-one,1-one,True,0.96431977
3-three,3-three,True,0.99919015
3-three,3-three,True,0.9968566
5-rotate,5-rotate,True,0.99944204
1-one,1-one,True,0.9979305
3-three,3-three,True,0.99861217
7-victory,7-victory,True,0.5013572
2-two,2-two,True,0.9069844
3-three,3-three,True,0.9979868
1-one,1-one,True,0.9987556
2-two,3-three,False,0.3120155
5-rotate,5-rotate,True,0.99253523
3-three,3-three,True,0.9995072
3-three,3-three,True,0.99808383
7-victory,3-three,False,0.38918012
7-victory,7-victory,True,0.88142085
3-three,3-three,True,0.99604744
7-victory,7-victory,True,0.96597624
4-open_close,4-open_close,True,0.99952793
3-three,3-three,True,0.9941964
2-two,2-two,True,0.9930581
3-three,3-three,True,0.99975854
5-rotate,5-rotate,True,0.99642485
2-two,7-victory,False,0.7945184
5-rotate,5-rotate,True,0.99957293
2-two,2-two,True,0.9550528
5-rotate,5-rotate,True,0.99963605
5-rotate,5-rotate,True,0.9963458
1-one,1-one,True,0.9976966
7-victory,7-victory,True,0.99983287
7-victory,7-victory,True,0.9997546
3-three,4-open_close,False,0.4147128
3-three,3-three,True,0.992599
2-two,2-two,True,0.99561656
2-two,2-two,True,0.9965984
3-three,3-three,True,0.94458306
1-one,1-one,True,0.99919766
1-one,1-one,True,0.9882289
1-one,2-two,False,0.584594
2-two,2-two,True,0.9972882
1-one,1-one,True,0.9964605
4-open_close,7-victory,False,0.6841591
2-two,2-two,True,0.9971385
3-three,3-three,True,0.9956899
3-three,3-three,True,0.30879587
7-victory,7-victory,True,0.99460334
2-two,2-two,True,0.9841278
3-three,3-three,True,0.9988589
3-three,3-three,True,0.99765104
2-two,2-two,True,0.84704214
4-open_close,4-open_close,True,0.9996897
5-rotate,5-rotate,True,0.99617994
5-rotate,5-rotate,True,0.99511
7-victory,7-victory,True,0.99406236
2-two,2-two,True,0.9755072
1-one,1-one,True,0.9989023
3-three,3-three,True,0.99794835
7-victory,7-victory,True,0.9558905
4-open_close,4-open_close,True,0.99961793
2-two,2-two,True,0.9249252
3-three,3-three,True,0.99970895
4-open_close,5-rotate,False,0.9979346
2-two,2-two,True,0.9879773
1-one,1-one,True,0.9972914
3-three,3-three,True,0.9990073
7-victory,7-victory,True,0.92317563
3-three,3-three,True,0.9883388
2-two,2-two,True,0.9932162
7-victory,7-victory,True,0.9817253
5-rotate,5-rotate,True,0.9996768
5-rotate,2-two,False,0.60514116
7-victory,7-victory,True,0.9956826
4-open_close,4-open_close,True,0.9996307
3-three,3-three,True,0.99657416
7-victory,7-victory,True,0.9497714
7-victory,7-victory,True,0.97524637
1-one,1-one,True,0.9981343
7-victory,7-victory,True,0.939988
2-two,2-two,True,0.9945321
7-victory,7-victory,True,0.95635736
7-victory,7-victory,True,0.9947896
5-rotate,5-rotate,True,0.9997671
2-two,2-two,True,0.7793026
5-rotate,5-rotate,True,0.999532
3-three,3-three,True,0.99885
7-victory,7-victory,True,0.9978169
3-three,3-three,True,0.99769044
7-victory,7-victory,True,0.9996921
4-open_close,4-open_close,True,0.9993303
3-three,3-three,True,0.9988104
4-open_close,4-open_close,True,0.999476
2-two,2-two,True,0.993958
3-three,3-three,True,0.9982911
3-three,3-three,True,0.9952225
3-three,3-three,True,0.9994198
4-open_close,4-open_close,True,0.9996203
3-three,3-three,True,0.9969208
7-victory,7-victory,True,0.99748445
7-victory,3-three,False,0.40112048
3-three,3-three,True,0.99886215
7-victory,7-victory,True,0.9857594
2-two,2-two,True,0.99627626
2-two,2-two,True,0.995122
3-three,3-three,True,0.9987374
4-open_close,4-open_close,True,0.99950004
4-open_close,4-open_close,True,0.9995888
5-rotate,5-rotate,True,0.99917895
5-rotate,5-rotate,True,0.99754745
1-one,1-one,True,0.95154697
2-two,2-two,True,0.94806284
7-victory,7-victory,True,0.9948259
3-three,3-three,True,0.9979995
5-rotate,5-rotate,True,0.9985104
2-two,2-two,True,0.98364717
2-two,2-two,True,0.83505934
7-victory,7-victory,True,0.938959
7-victory,7-victory,True,0.9977337
1-one,1-one,True,0.9985695
7-victory,2-two,False,0.49035284
2-two,2-two,True,0.9810074
4-open_close,4-open_close,True,0.99987125
7-victory,7-victory,True,0.9992279
1-one,1-one,True,0.9973832
2-two,2-two,True,0.88101953
4-open_close,4-open_close,True,0.99943763
5-rotate,5-rotate,True,0.9998567
1-one,1-one,True,0.9920626
7-victory,7-victory,True,0.9995815
1-one,1-one,True,0.99919003
7-victory,7-victory,True,0.9984024
2-two,2-two,True,0.99620974
7-victory,7-victory,True,0.99840766
4-open_close,4-open_close,True,0.9997844
5-rotate,5-rotate,True,0.99934274
1-one,1-one,True,0.994493
2-two,2-two,True,0.82911015
2-two,2-two,True,0.993067
2-two,2-two,True,0.9965642
7-victory,7-victory,True,0.69276214
3-three,3-three,True,0.98145825
5-rotate,5-rotate,True,0.9996183
7-victory,7-victory,True,0.98226595
2-two,2-two,True,0.99447304
1-one,1-one,True,0.9958954
2-two,2-two,True,0.99499583
7-victory,7-victory,True,0.9909881
2-two,2-two,True,0.99266714
3-three,2-two,False,0.5216414
2-two,2-two,True,0.7008522
3-three,3-three,True,0.9991698
5-rotate,5-rotate,True,0.999511
7-victory,7-victory,True,0.9785902
3-three,3-three,True,0.9969531
3-three,3-three,True,0.784936
3-three,3-three,True,0.6908415
4-open_close,4-open_close,True,0.99887866
1-one,1-one,True,0.99536043
2-two,4-open_close,False,0.43233213
1-one,1-one,True,0.999203
2-two,2-two,True,0.97053087
4-open_close,4-open_close,True,0.9977969
1-one,1-one,True,0.99886525
1-one,1-one,True,0.9972817
5-rotate,5-rotate,True,0.9991602
2-two,7-victory,False,0.46595797
2-two,2-two,True,0.99218255
4-open_close,4-open_close,True,0.99553585
2-two,2-two,True,0.9970446
5-rotate,5-rotate,True,0.9993591
2-two,2-two,True,0.96023697
3-three,3-three,True,0.9982658
5-rotate,5-rotate,True,0.98236036
2-two,2-two,True,0.95958865
3-three,3-three,True,0.9931283
4-open_close,4-open_close,True,0.9984465
5-rotate,5-rotate,True,0.99985516
5-rotate,7-victory,False,0.3114167
5-rotate,5-rotate,True,0.9996766
2-two,2-two,True,0.9944026
7-victory,7-victory,True,0.9966947
3-three,3-three,True,0.99947995
2-two,7-victory,False,0.77085054
7-victory,7-victory,True,0.9995478
2-two,2-two,True,0.9344007
3-three,3-three,True,0.97964543
4-open_close,1-one,False,0.8381256
2-two,2-two,True,0.90251666
1-one,1-one,True,0.9983321
2-two,2-two,True,0.99654895
3-three,3-three,True,0.99953437
7-victory,7-victory,True,0.997912
2-two,2-two,True,0.9498237
3-three,3-three,True,0.99778855
7-victory,7-victory,True,0.9859865
7-victory,7-victory,True,0.9992675
4-open_close,4-open_close,True,0.99948287
3-three,3-three,True,0.997004
2-two,2-two,True,0.9538822
2-two,2-two,True,0.975135
2-two,2-two,True,0.94792
3-three,3-three,True,0.99899274
2-two,2-two,True,0.9965275
3-three,1-one,False,0.4478166
2-two,2-two,True,0.9901186
4-open_close,4-open_close,True,0.9994649
4-open_close,4-open_close,True,0.9996798
7-victory,3-three,False,0.56764776
7-victory,7-victory,True,0.9910205
3-three,3-three,True,0.9995178
1-one,1-one,True,0.9937084
1-one,1-one,True,0.9985557
2-two,2-two,True,0.9978143
4-open_close,4-open_close,True,0.99888355
3-three,3-three,True,0.9993517
2-two,7-victory,False,0.4829692
5-rotate,5-rotate,True,0.99970263
2-two,2-two,True,0.9863799
7-victory,4-open_close,False,0.5042758
7-victory,7-victory,True,0.9953595
7-victory,7-victory,True,0.9993824
1-one,1-one,True,0.99473405
7-victory,7-victory,True,0.99690056
2-two,1-one,False,0.5797255
2-two,2-two,True,0.89909965
1-one,1-one,True,0.98593
7-victory,7-victory,True,0.99887806
1-one,1-one,True,0.99837637
1-one,1-one,True,0.99791425
2-two,2-two,True,0.96259165
3-three,3-three,True,0.9946036
7-victory,7-victory,True,0.9972088
2-two,2-two,True,0.9978878
4-open_close,4-open_close,True,0.99856454
7-victory,7-victory,True,0.99785453
7-victory,7-victory,True,0.9959097
3-three,3-three,True,0.9951415
2-two,2-two,True,0.9935453
4-open_close,4-open_close,True,0.99709713
2-two,2-two,True,0.9830068
4-open_close,4-open_close,True,0.99960524
7-victory,3-three,False,0.4129577
2-two,2-two,True,0.9977525
4-open_close,4-open_close,True,0.9985637
1-one,7-victory,False,0.37259576
5-rotate,5-rotate,True,0.99971384
4-open_close,4-open_close,True,0.9996118
3-three,3-three,True,0.99906594
2-two,2-two,True,0.9895247
2-two,2-two,True,0.99341786
7-victory,7-victory,True,0.99292505
7-victory,7-victory,True,0.62714183
7-victory,7-victory,True,0.9981123
7-victory,7-victory,True,0.98330563
1-one,1-one,True,0.99900836
7-victory,7-victory,True,0.9938571
3-three,2-two,False,0.4268615
7-victory,7-victory,True,0.98671097
3-three,3-three,True,0.98962116
3-three,3-three,True,0.99841166
2-two,2-two,True,0.9860719
7-victory,7-victory,True,0.9970291
2-two,2-two,True,0.9956826
3-three,3-three,True,0.99610364
2-two,2-two,True,0.97741115
5-rotate,5-rotate,True,0.9995109
1-one,1-one,True,0.9984378
2-two,2-two,True,0.99632555
3-three,3-three,True,0.99186945
4-open_close,4-open_close,True,0.999172
4-open_close,4-open_close,True,0.9994174
2-two,2-two,True,0.9956254
7-victory,7-victory,True,0.9521941
7-victory,7-victory,True,0.99775165
7-victory,2-two,False,0.34934378
1-one,1-one,True,0.9889542
2-two,2-two,True,0.97549415
5-rotate,5-rotate,True,0.99914193
5-rotate,5-rotate,True,0.9995266
4-open_close,4-open_close,True,0.9984895
3-three,3-three,True,0.9990005
7-victory,7-victory,True,0.9932254
2-two,2-two,True,0.9379401
5-rotate,5-rotate,True,0.99983966
2-two,2-two,True,0.99710566
4-open_close,4-open_close,True,0.99536455
2-two,2-two,True,0.9692379
5-rotate,5-rotate,True,0.9995819
3-three,7-victory,False,0.5970166
2-two,2-two,True,0.9952856
2-two,2-two,True,0.994418
3-three,3-three,True,0.9952319
3-three,3-three,True,0.9988049
3-three,3-three,True,0.9846383
2-two,2-two,True,0.9839631
7-victory,7-victory,True,0.98488903
2-two,2-two,True,0.9637065
7-victory,7-victory,True,0.99922335
4-open_close,1-one,False,0.4536696
5-rotate,5-rotate,True,0.99878114
1-one,1-one,True,0.99933714
2-two,2-two,True,0.97365516
2-two,2-two,True,0.9892151
2-two,2-two,True,0.9902354
2-two,2-two,True,0.9985819
3-three,3-three,True,0.9984895
1-one,1-one,True,0.9993783
1-one,1-one,True,0.84609234
3-three,3-three,True,0.9987197
2-two,2-two,True,0.36639994
1-one,1-one,True,0.9990048
3-three,3-three,True,0.9945807
3-three,3-three,True,0.9983077
5-rotate,5-rotate,True,0.9994949
2-two,2-two,True,0.9422717
1-one,1-one,True,0.9980872
5-rotate,5-rotate,True,0.99925
1-one,2-two,False,0.3851867
3-three,3-three,True,0.99487066
3-three,7-victory,False,0.8615978
2-two,2-two,True,0.9715707
2-two,2-two,True,0.98571926
5-rotate,5-rotate,True,0.99977
5-rotate,5-rotate,True,0.9937099
2-two,2-two,True,0.97601515
3-three,3-three,True,0.9984856
2-two,2-two,True,0.97442937
3-three,3-three,True,0.9984602
3-three,3-three,True,0.9971608
4-open_close,4-open_close,True,0.99962103
3-three,3-three,True,0.9982223
3-three,3-three,True,0.9959863
4-open_close,4-open_close,True,0.9989417
3-three,3-three,True,0.9996061
3-three,3-three,True,0.9975804
2-two,2-two,True,0.32258514
4-open_close,4-open_close,True,0.9993382
4-open_close,4-open_close,True,0.99816895
2-two,2-two,True,0.99841905
7-victory,7-victory,True,0.99778783
1-one,1-one,True,0.99874496
3-three,3-three,True,0.9995771
7-victory,7-victory,True,0.97729206
2-two,2-two,True,0.966123
3-three,3-three,True,0.5200464
5-rotate,5-rotate,True,0.99949706
3-three,3-three,True,0.94097316
2-two,2-two,True,0.97764844
5-rotate,5-rotate,True,0.9996393
2-two,2-two,True,0.99472684
3-three,3-three,True,0.9952991
3-three,3-three,True,0.9967744
4-open_close,4-open_close,True,0.99920976
2-two,2-two,True,0.99810946
2-two,2-two,True,0.9985876
7-victory,7-victory,True,0.91717756
7-victory,7-victory,True,0.9947955
5-rotate,5-rotate,True,0.9979819
1-one,1-one,True,0.99962544
3-three,3-three,True,0.99032426
2-two,2-two,True,0.9603802
2-two,2-two,True,0.99013966
3-three,2-two,False,0.56692135
4-open_close,4-open_close,True,0.99939454
2-two,2-two,True,0.993097
4-open_close,4-open_close,True,0.99505335
2-two,2-two,True,0.99670607
7-victory,7-victory,True,0.9925718
7-victory,7-victory,True,0.9938235
2-two,2-two,True,0.9936314
7-victory,7-victory,True,0.9997285
3-three,3-three,True,0.99914944
3-three,3-three,True,0.50593525
7-victory,7-victory,True,0.999778
2-two,2-two,True,0.9453612
3-three,3-three,True,0.99964535
2-two,2-two,True,0.97341293
5-rotate,5-rotate,True,0.99912924
7-victory,7-victory,True,0.992702
4-open_close,4-open_close,True,0.9998129
5-rotate,5-rotate,True,0.999892
1-one,1-one,True,0.46816817
1-one,1-one,True,0.9992537
1-one,1-one,True,0.9784121
4-open_close,4-open_close,True,0.9980204
4-open_close,4-open_close,True,0.99966586
2-two,2-two,True,0.9744119
4-open_close,4-open_close,True,0.99114776
2-two,2-two,True,0.9843305
7-victory,7-victory,True,0.9619885
7-victory,7-victory,True,0.75996137
1-one,1-one,True,0.99745816
3-three,3-three,True,0.99444526
2-two,2-two,True,0.44371468
2-two,2-two,True,0.87801015
3-three,3-three,True,0.908468
3-three,3-three,True,0.99774724
2-two,2-two,True,0.9970739
4-open_close,4-open_close,True,0.99984694
5-rotate,5-rotate,True,0.9997774
2-two,2-two,True,0.993909
7-victory,7-victory,True,0.99611664
3-three,3-three,True,0.9995253
3-three,3-three,True,0.9994418
2-two,2-two,True,0.98711956
3-three,3-three,True,0.99839205
7-victory,7-victory,True,0.9994536
7-victory,7-victory,True,0.7731017
7-victory,7-victory,True,0.9891433
4-open_close,4-open_close,True,0.99407095
3-three,3-three,True,0.986246
3-three,3-three,True,0.9995542
2-two,2-two,True,0.991495
1-one,1-one,True,0.99830085
3-three,3-three,True,0.98356634
7-victory,7-victory,True,0.9870134
2-two,2-two,True,0.99212486
5-rotate,5-rotate,True,0.9981609
7-victory,7-victory,True,0.91391575
1-one,1-one,True,0.9988181
5-rotate,7-victory,False,0.53928363
7-victory,7-victory,True,0.9878847
3-three,3-three,True,0.9978757
2-two,2-two,True,0.98671895
3-three,3-three,True,0.9993544
3-three,3-three,True,0.9988439
7-victory,3-three,False,0.35349518
7-victory,2-two,False,0.8613333
2-two,2-two,True,0.98817366
7-victory,7-victory,True,0.9726962
5-rotate,5-rotate,True,0.99977916
7-victory,7-victory,True,0.86979073
7-victory,7-victory,True,0.98189986
3-three,3-three,True,0.9993197
1-one,1-one,True,0.99886334
2-two,2-two,True,0.99671954
4-open_close,4-open_close,True,0.999686
5-rotate,5-rotate,True,0.9998222
1-one,1-one,True,0.94812244
1-one,1-one,True,0.9994074
7-victory,7-victory,True,0.9296652
5-rotate,5-rotate,True,0.99929106
1-one,2-two,False,0.9736269
4-open_close,4-open_close,True,0.9994586
3-three,3-three,True,0.9967499
3-three,3-three,True,0.9942643
2-two,2-two,True,0.996971
3-three,3-three,True,0.87737817
3-three,3-three,True,0.9986092
7-victory,7-victory,True,0.9767387
7-victory,7-victory,True,0.97573245
3-three,3-three,True,0.99614125
2-two,2-two,True,0.984046
1-one,1-one,True,0.9968238
2-two,2-two,True,0.9874922
3-three,3-three,True,0.9991455
3-three,7-victory,False,0.6172348
2-two,2-two,True,0.9187396
1-one,7-victory,False,0.5427949
5-rotate,5-rotate,True,0.99977404
1-one,1-one,True,0.9986382
3-three,3-three,True,0.9997143
7-victory,7-victory,True,0.99869317
2-two,2-two,True,0.9789505
1-one,1-one,True,0.99289083
4-open_close,4-open_close,True,0.9997038
4-open_close,4-open_close,True,0.9997619
5-rotate,5-rotate,True,0.992547
3-three,3-three,True,0.98553014
5-rotate,5-rotate,True,0.9995987
2-two,2-two,True,0.93615156
7-victory,7-victory,True,0.99425477
3-three,3-three,True,0.99711007
7-victory,7-victory,True,0.77932
4-open_close,4-open_close,True,0.99970204
4-open_close,4-open_close,True,0.9988136
2-two,2-two,True,0.93111646
1-one,1-one,True,0.99882835
1-one,1-one,True,0.98348755
3-three,3-three,True,0.99906534
7-victory,7-victory,True,0.9980209
2-two,2-two,True,0.994044
2-two,2-two,True,0.9901202
1-one,2-two,False,0.59214264
5-rotate,5-rotate,True,0.99944896
2-two,2-two,True,0.99667394
5-rotate,5-rotate,True,0.99452555
1-one,1-one,True,0.9988128
2-two,2-two,True,0.9775639
2-two,2-two,True,0.9923844
7-victory,7-victory,True,0.95406395
2-two,2-two,True,0.91802895
2-two,2-two,True,0.9906461
2-two,2-two,True,0.99428034
3-three,3-three,True,0.97950923
5-rotate,5-rotate,True,0.9991247
2-two,2-two,True,0.99868256
1-one,1-one,True,0.9989021
2-two,2-two,True,0.98975056
3-three,3-three,True,0.99735177
1-one,1-one,True,0.9986131
4-open_close,4-open_close,True,0.9997502
5-rotate,5-rotate,True,0.9995376
4-open_close,4-open_close,True,0.99980384
1-one,1-one,True,0.9993605
2-two,3-three,False,0.35112873
3-three,3-three,True,0.9993629
2-two,2-two,True,0.40009356
5-rotate,5-rotate,True,0.99886525
2-two,2-two,True,0.9904811
1-one,1-one,True,0.9976847
4-open_close,4-open_close,True,0.999268
7-victory,7-victory,True,0.66161484
7-victory,7-victory,True,0.66684544
3-three,3-three,True,0.9707685
2-two,2-two,True,0.98140585
4-open_close,4-open_close,True,0.9996582
1-one,1-one,True,0.9976814
3-three,3-three,True,0.56071544
2-two,2-two,True,0.95154935
5-rotate,7-victory,False,0.71985507
4-open_close,4-open_close,True,0.99873775
7-victory,7-victory,True,0.9954715
2-two,2-two,True,0.96213555
7-victory,7-victory,True,0.98319167
1-one,1-one,True,0.98839825
3-three,3-three,True,0.9967449
5-rotate,5-rotate,True,0.98715067
1-one,1-one,True,0.9993556
5-rotate,5-rotate,True,0.99946696
7-victory,7-victory,True,0.85357744
4-open_close,4-open_close,True,0.9903375
5-rotate,5-rotate,True,0.9958384
7-victory,7-victory,True,0.9924623
5-rotate,5-rotate,True,0.9992918
7-victory,7-victory,True,0.99943656
3-three,3-three,True,0.9994615
7-victory,7-victory,True,0.9966587
2-two,2-two,True,0.35583276
7-victory,7-victory,True,0.9728397
1-one,1-one,True,0.9992611
3-three,3-three,True,0.5537698
2-two,2-two,True,0.9952675
3-three,3-three,True,0.9991147
7-victory,7-victory,True,0.38674456
2-two,2-two,True,0.9966234
2-two,2-two,True,0.995978
2-two,2-two,True,0.9769279
7-victory,3-three,False,0.34504318
3-three,3-three,True,0.9960879
7-victory,5-rotate,False,0.5885656
7-victory,7-victory,True,0.9880844
5-rotate,5-rotate,True,0.9994821
4-open_close,4-open_close,True,0.9997093
7-victory,3-three,False,0.6086615
2-two,2-two,True,0.9793465
5-rotate,5-rotate,True,0.998588
3-three,1-one,False,0.39945734
4-open_close,4-open_close,True,0.9970356
1-one,4-open_close,False,0.70090735
7-victory,2-two,False,0.96839607
2-two,2-two,True,0.98474574
2-two,2-two,True,0.9931666
1-one,1-one,True,0.9991937
2-two,2-two,True,0.9953394
3-three,3-three,True,0.9985667
2-two,4-open_close,False,0.9834788
1-one,1-one,True,0.99941933
5-rotate,5-rotate,True,0.9973563
5-rotate,5-rotate,True,0.9964085
2-two,7-victory,False,0.3395769
2-two,7-victory,False,0.73223394
2-two,2-two,True,0.99100566
2-two,2-two,True,0.98083544
7-victory,7-victory,True,0.99981934
5-rotate,5-rotate,True,0.99978596
5-rotate,1-one,False,0.67477757
7-victory,7-victory,True,0.9876408
3-three,3-three,True,0.9788903
5-rotate,5-rotate,True,0.99979717
5-rotate,5-rotate,True,0.88195825
1-one,1-one,True,0.99920267
3-three,3-three,True,0.9966259
1-one,3-three,False,0.62227404
2-two,2-two,True,0.9829983
4-open_close,4-open_close,True,0.99971837
4-open_close,4-open_close,True,0.9997205
7-victory,7-victory,True,0.9874669
7-victory,7-victory,True,0.99953604
5-rotate,5-rotate,True,0.9809198
3-three,3-three,True,0.996761
7-victory,7-victory,True,0.995492
1-one,7-victory,False,0.42315015
3-three,3-three,True,0.99857605
2-two,2-two,True,0.99570787
4-open_close,4-open_close,True,0.9988431
7-victory,7-victory,True,0.9938392
3-three,3-three,True,0.99591607
5-rotate,2-two,False,0.5487984
7-victory,7-victory,True,0.999326
2-two,3-three,False,0.6459576
3-three,3-three,True,0.9994136
3-three,3-three,True,0.9905888
1-one,1-one,True,0.9989648
2-two,2-two,True,0.9785606
1-one,7-victory,False,0.39790633
2-two,2-two,True,0.99235195
7-victory,7-victory,True,0.9911267
1-one,1-one,True,0.99348116
2-two,2-two,True,0.9980484
2-two,2-two,True,0.9968131
7-victory,7-victory,True,0.9908427
7-victory,7-victory,True,0.9951945
7-victory,7-victory,True,0.9992582
5-rotate,5-rotate,True,0.999549
1-one,1-one,True,0.99841976
2-two,2-two,True,0.9967714
7-victory,7-victory,True,0.9904501
5-rotate,5-rotate,True,0.999686
3-three,3-three,True,0.9911725
7-victory,7-victory,True,0.9802295
3-three,3-three,True,0.9972337
5-rotate,5-rotate,True,0.9996296
3-three,3-three,True,0.98412806
2-two,2-two,True,0.9648182
7-victory,7-victory,True,0.99767166
1-one,1-one,True,0.9987691
7-victory,7-victory,True,0.9872242
3-three,3-three,True,0.9968292
7-victory,7-victory,True,0.9936631
7-victory,2-two,False,0.7019862
2-two,2-two,True,0.9738115
3-three,3-three,True,0.9917282
1-one,1-one,True,0.9990625
3-three,3-three,True,0.99970454
7-victory,7-victory,True,0.99957293
3-three,3-three,True,0.96882117
2-two,2-two,True,0.9811586
3-three,3-three,True,0.9996196
2-two,7-victory,False,0.50209695
2-two,2-two,True,0.9930635
2-two,2-two,True,0.9932433
3-three,2-two,False,0.5789863
3-three,3-three,True,0.9923585
3-three,3-three,True,0.9986327
2-two,2-two,True,0.9906894
1-one,1-one,True,0.9562831
1-one,1-one,True,0.99747616
3-three,3-three,True,0.9989832
3-three,2-two,False,0.40947643
1-one,1-one,True,0.99917245
7-victory,7-victory,True,0.9988733
5-rotate,5-rotate,True,0.9992174
2-two,2-two,True,0.70814466
4-open_close,4-open_close,True,0.9745052
3-three,3-three,True,0.9987348
2-two,2-two,True,0.7333635
2-two,2-two,True,0.38279223
5-rotate,5-rotate,True,0.99942774
3-three,3-three,True,0.99633825
3-three,3-three,True,0.9989184
5-rotate,5-rotate,True,0.99938416
4-open_close,4-open_close,True,0.99931765
3-three,3-three,True,0.99891186
5-rotate,5-rotate,True,0.9998472
2-two,2-two,True,0.9522276
4-open_close,4-open_close,True,0.999015
7-victory,7-victory,True,0.6390864
7-victory,7-victory,True,0.9465622
2-two,2-two,True,0.99666363
2-two,2-two,True,0.8946108
3-three,2-two,False,0.32473686
7-victory,7-victory,True,0.99231565
2-two,2-two,True,0.9952118
7-victory,7-victory,True,0.6345462
2-two,2-two,True,0.7551424
3-three,3-three,True,0.45958242
3-three,3-three,True,0.9995421
3-three,3-three,True,0.9922805
3-three,3-three,True,0.9993025
4-open_close,4-open_close,True,0.9932474
2-two,2-two,True,0.99679935
3-three,3-three,True,0.99804914
2-two,2-two,True,0.9931427
3-three,3-three,True,0.99698883
3-three,3-three,True,0.99971455
2-two,2-two,True,0.9184213
1-one,1-one,True,0.98821545
7-victory,7-victory,True,0.94956046
5-rotate,5-rotate,True,0.99971765
1-one,3-three,False,0.5451699
2-two,2-two,True,0.98889637
7-victory,7-victory,True,0.99834216
2-two,2-two,True,0.9949955
7-victory,7-victory,True,0.9586411
3-three,3-three,True,0.99657744
2-two,2-two,True,0.8831166
3-three,3-three,True,0.99835855
2-two,3-three,False,0.56282616
7-victory,7-victory,True,0.99982506
4-open_close,4-open_close,True,0.99979657
7-victory,7-victory,True,0.9869299
5-rotate,5-rotate,True,0.99975747
5-rotate,5-rotate,True,0.999448
3-three,3-three,True,0.9615447
2-two,2-two,True,0.9057951
2-two,3-three,False,0.47285908
1-one,3-three,False,0.5922369
2-two,2-two,True,0.4514432
2-two,2-two,True,0.9865413
2-two,2-two,True,0.9700997
7-victory,7-victory,True,0.9971781
2-two,2-two,True,0.99295276
1-one,1-one,True,0.9989631
7-victory,7-victory,True,0.99945134
5-rotate,5-rotate,True,0.9992679
2-two,2-two,True,0.99307996
1-one,1-one,True,0.9982526
7-victory,7-victory,True,0.9647404
