FPS,BoundingBox_Area,Model_Confidence
1879.004884334657,0,0.0
1.054710938618571,0,0.0
98.21301261693431,0,0.0
80.08493764298926,0,0.0
24.172406597689598,0,0.0
27.67947563051235,0,0.0
31.79618095302062,0,0.0
28.777347570814804,0,0.0
26.128470921430708,0,0.0
39.259939454075706,0,0.0
32.44226086815132,0,0.0
22.46436773312209,0,0.0
48.60921302454016,0,0.0
33.742256433780135,0,0.0
27.66176844123608,0,0.0
25.399520778835935,0,0.0
49.412655053703006,0,0.0
20.031712735790816,0,0.0
24.940976956920796,0,0.0
40.26666067631274,0,0.0
26.32228942083716,0,0.0
40.98553819131085,0,0.0
28.21498447893213,0,0.0
27.101430794722194,0,0.0
43.168510124286584,0,0.0
4.228993612896213,0,0.0
84.95963968567028,0,0.0
85.56452343929574,0,0.0
114.80802814827413,0,0.0
83.13916719315067,0,0.0
41.11289084975207,0,0.0
23.215765495909032,0,0.0
34.19784550275445,0,0.0
42.133401106115954,0,0.0
26.337826577425083,0,0.0
41.67913012211005,0,0.0
29.78481900788615,0,0.0
31.096515108412873,0,0.0
30.235495167439296,0,0.0
38.314925277994305,0,0.0
19.717006317578115,0,0.0
30.471852077425652,0,0.0
33.870048200542286,0,0.0
30.479823831641173,0,0.0
27.65520246389084,0,0.0
36.541416771414994,0,0.0
24.53983332248345,0,0.0
32.86345954256399,0,0.0
30.48669174078594,0,0.0
37.139691530459444,0,0.0
34.088615798356614,0,0.0
28.293209185641796,0,0.0
21.478279129482395,0,0.0
28.2720400837823,0,0.0
35.74116380929943,0,0.0
29.55521130617291,0,0.0
39.75862394771582,0,0.0
29.401279202659847,0,0.0
25.50190943562345,0,0.0
41.13748805215404,0,0.0
27.40028532428522,0,0.0
33.8102554575598,0,0.0
29.726767241718118,0,0.0
36.309858067847514,0,0.0
22.841409824386965,205920,0.0
13.74662448249308,205920,0.0
101.62295578836525,205920,0.0
37.60082380687714,205920,0.0
39.617046237869175,205920,0.0
26.66653199937799,205920,0.0
28.6591716586037,205920,0.0
29.26710659533546,205920,0.0
45.47006455757701,205920,0.0
25.757969694005936,205920,0.0
44.38407805286876,205920,0.0
27.892630860262503,205920,0.0
29.712447502196753,205920,0.0
12.026361078079525,205920,0.0
35.86003293564769,205920,0.0
71.3108479524117,205920,0.0
66.24587181606158,205920,0.0
31.901623120470816,205920,0.0
30.200661947210783,205920,0.0
26.025682198472612,205920,0.0
35.96149471022551,205920,0.0
35.17554797717463,205920,0.0
29.222043321629283,205920,0.0
28.991376244934337,205920,0.0
36.08028447088926,205920,0.0
12.82472758770618,205920,0.0
29.383977207499544,205920,0.0
67.9600563068396,205920,0.0
41.022016032649,205920,0.0
33.95834771851712,205920,0.0
23.823666168528018,205920,0.0
44.292212911272514,205920,0.0
25.183574243800862,205920,0.0
33.30208364845482,205920,0.0
28.334494112562865,226080,0.0
55.38775635762339,226080,0.0
28.547207440281813,226080,0.837336003780365
7.991171948861951,226080,0.9428449869155884
27.450856166112604,226080,0.9428449869155884
38.89586255149881,226080,0.7772940397262573
46.654078162065325,226080,0.7772940397262573
34.45658978654512,226080,0.6137931942939758
32.7753759180858,226080,0.6137931942939758
52.974306694962,226080,0.6159746050834656
52.12698844832577,226080,0.6159746050834656
50.607441773810415,226080,0.6159746050834656
43.98195811972662,226080,0.5690760016441345
37.48991504638577,226080,0.5811430215835571
27.677831741365853,226080,0.8143537044525146
14.890093533162217,226080,0.957664966583252
11.602654934529482,226080,0.9584568738937378
30.824107904289917,226080,0.9603381156921387
29.214105380490963,226080,0.9618750214576721
27.379001006244295,226080,0.9633941650390625
25.242835705870622,226080,0.9645251035690308
28.420122222605546,226080,0.9656392931938171
20.022723781153434,226080,0.9664723873138428
17.822756324913335,226080,0.967506468296051
24.08233181584474,226080,0.968336284160614
24.92600675567352,226080,0.9688717722892761
35.56991009459356,226080,0.9693174362182617
29.563752480349592,226080,0.969755232334137
28.042940963878387,226080,0.9701541066169739
28.47027917154855,226080,0.9705362915992737
36.42621843970691,226080,0.9708258509635925
10.45163034992354,226080,0.9710928797721863
24.602737076799027,226080,0.9713716506958008
23.153865056452997,226080,0.9715572595596313
35.972598011786886,240960,0.9718315601348877
26.957206792853643,240960,0.972003161907196
20.9996391148445,240960,0.9721954464912415
29.31845591574683,240960,0.9724608659744263
36.82890648539903,240960,0.9725971817970276
26.647726287755823,240960,0.972804069519043
25.788694051030127,240960,0.9729279279708862
27.727050211363945,240960,0.9724987745285034
24.75593586475888,240960,0.9718450903892517
28.89451143698186,240960,0.9711080193519592
28.694659810582337,240960,0.9703955054283142
33.247439953465026,240960,0.9696063995361328
31.905020467716167,240960,0.9689225554466248
25.28011119064374,240960,0.9682382345199585
16.53708467759452,240960,0.9675776362419128
29.747639790594047,240960,0.9669657945632935
31.042430287766905,240960,0.9664411544799805
26.410631935499257,240960,0.9659081697463989
29.91781521925925,240960,0.9729045629501343
28.427827170293675,240960,0.9727560877799988
19.687668040139265,240960,0.975520133972168
21.733136660075413,240960,0.975475549697876
28.28557702786033,240960,0.9778152704238892
31.48919564500465,240960,0.977626383304596
33.07284003954336,240960,0.978783905506134
33.35956031260632,240960,0.9786302447319031
31.043579069709217,240960,0.9785430431365967
28.25280561490851,240960,0.9810487031936646
22.748373341179892,240960,0.9834848046302795
30.66679857657651,240960,0.9835042953491211
23.693661783432233,240960,0.9835718870162964
20.607469038860213,240960,0.9835304617881775
29.264247785380068,240960,0.9835323095321655
29.274664711081897,240960,0.9835976958274841
28.868458880466417,240960,0.983546257019043
35.223107173528135,240960,0.9834977388381958
29.3648451649686,240960,0.9834423661231995
35.28889701172978,240960,0.98337721824646
20.483381127712185,240960,0.9834235906600952
29.370808397006023,240960,0.9834504127502441
35.27524470470516,240960,0.9834342002868652
29.339579728186102,240960,0.9834332466125488
19.825113548560193,240960,0.9834117889404297
27.5915286674623,240960,0.9833943843841553
22.062952842519493,240960,0.9834510087966919
28.35844093656986,240960,0.9835789799690247
28.435150741244104,240960,0.9835993051528931
36.28692629192793,243840,0.9835951328277588
35.70830122368669,243840,0.9835852384567261
23.91344880709965,243840,0.9835820198059082
28.924200951052054,243840,0.9835852384567261
27.39026505385545,243840,0.9836331009864807
25.261687916649546,243840,0.9836756587028503
36.0722166503893,243840,0.9836903214454651
23.05903174122234,243840,0.9837162494659424
20.52879655808839,243840,0.9837213158607483
18.03744197706508,243840,0.9837559461593628
30.98166627373553,243840,0.9837964177131653
29.222246915304257,243840,0.9837910532951355
28.322057740142295,243840,0.9837972521781921
24.025360193016375,243840,0.9841158986091614
28.49794102919619,243840,0.9841158986091614
29.042968326686484,243840,0.9840589761734009
28.822237032799322,243840,0.9840021133422852
22.139349159334394,243840,0.9840005040168762
25.253170529279025,243840,0.9840509295463562
30.02231948909305,243840,0.9840091466903687
28.26194348412035,243840,0.9839447140693665
36.97207295322259,243840,0.9839065074920654
23.56771678446888,243840,0.9838782548904419
28.81491069763391,243840,0.9838458299636841
36.79595089307258,243840,0.9837866425514221
35.99884136639253,243840,0.9837138652801514
35.469742985937074,243840,0.9836982488632202
35.68612275738391,243840,0.9836761355400085
29.423554587444663,243840,0.9836708307266235
28.36150905248835,243840,0.9836021661758423
24.486395912192286,243840,0.9835671186447144
23.76710232019805,243840,0.9835003614425659
26.687231982719286,243840,0.9835282564163208
21.86957275860478,243840,0.9835608005523682
28.730629559644036,243840,0.9835423231124878
26.353382086961513,243840,0.9835516810417175
22.357554894897433,243840,0.9835373759269714
23.336928389240775,243840,0.9835350513458252
24.420814172482974,243840,0.983655571937561
19.964111536342518,243840,0.983650267124176
29.99140631068851,243840,0.9837243556976318
37.71612103201075,243840,0.9837976098060608
15.53300983936323,243840,0.9837766885757446
20.61131720749218,243840,0.9837657809257507
24.127076955007645,243840,0.9837009310722351
29.147110420357446,243840,0.9836964011192322
34.45347636359829,243840,0.9836543202400208
25.43587243981541,243840,0.9835811853408813
27.56469186833842,243840,0.9835678339004517
28.594305025205077,243840,0.9835436940193176
35.72198662074787,243840,0.9834943413734436
25.692962245889134,243840,0.9834985136985779
32.89412989309763,243840,0.9835387468338013
22.971134983386758,243840,0.9835495948791504
17.970901172189595,243840,0.9835779666900635
38.821699896227535,243840,0.9835627675056458
27.465955924371844,243840,0.9835622906684875
22.631153667594642,243840,0.9835404753684998
27.14405077531943,243840,0.9835079908370972
35.957178610477484,243840,0.9834749698638916
35.9633447844689,243840,0.9834169745445251
34.754089134038736,243840,0.9834332466125488
29.07316538756384,243840,0.9834209084510803
26.347422487250746,243840,0.983576238155365
31.935142874674494,243840,0.9836342334747314
29.24975812892268,243840,0.9836268424987793
35.25508237199693,243840,0.9837057590484619
27.069597213649896,243840,0.9837518930435181
19.630355070313616,243840,0.9838435053825378
22.660375792831434,243840,0.9838281869888306
35.986795545483766,243840,0.9824591875076294
28.230556794908175,243840,0.9816802740097046
29.507596339995644,243840,0.980305552482605
38.361883624937704,243840,0.9791533946990967
27.418017679698075,243840,0.9786332249641418
28.028885967010204,243840,0.9757212996482849
30.048559730661466,243840,0.9706432819366455
24.52863946517601,243840,0.9752140641212463
31.10458642333375,243840,0.9752140641212463
31.435150996608037,243840,0.9766741991043091
29.27323449789884,243840,0.9850562214851379
28.39126582909244,243840,0.9862241744995117
36.50103044760445,243840,0.9824220538139343
27.509911486007663,243840,0.9824220538139343
21.075613053102735,243840,0.976207971572876
20.581682929793118,243840,0.9815775752067566
29.297567143274847,243840,0.9815775752067566
27.80258914122842,243840,0.9733896851539612
29.323375250642464,243840,0.9814536571502686
29.033720458747084,243840,0.9809860587120056
10.115941552765024,243840,0.9825004935264587
38.100527745969536,243840,0.9825004935264587
35.66852114076475,243840,0.9837964177131653
34.38315000136426,243840,0.9865841269493103
25.260927202047718,243840,0.9881929755210876
35.409554328641846,244800,0.9881929755210876
23.11558348929818,244800,0.9875823259353638
30.41660749071031,244800,0.9900739192962646
28.350581918621444,244800,0.988552451133728
28.906658832792747,244800,0.9807888865470886
33.3010260297849,244800,0.9828675985336304
30.701592318250604,244800,0.9828675985336304
34.10330579886875,244800,0.988121747970581
22.31212218480081,244800,0.9818539619445801
33.20374879970546,244800,0.9815205931663513
36.15710914061021,244800,0.9815205931663513
36.71092730910601,244800,0.9819282293319702
27.335818768353384,244800,0.9773459434509277
27.203203408322295,244800,0.977678656578064
26.150626091581444,244800,0.977678656578064
35.987413083781824,244800,0.9825153350830078
34.87169078543868,244800,0.9848396182060242
29.70150641842932,244800,0.9848396182060242
28.834918411786226,244800,0.9847432374954224
29.863283712670142,244800,0.9829817414283752
31.288588909542717,244800,0.9848743081092834
25.68934285819762,244800,0.9850456118583679
29.191130035680168,244800,0.9850854873657227
32.553049593016816,244800,0.984904408454895
31.52682953277546,244800,0.9819548726081848
28.424937325379194,244800,0.9819548726081848
28.554787057246134,244800,0.9850017428398132
37.20459100020535,244800,0.9790719151496887
23.140707433120642,244800,0.9811831712722778
23.743422831220713,244800,0.9798893332481384
30.385537801504412,244800,0.9817628860473633
23.741810038725383,244800,0.9850720763206482
20.13160968565311,244800,0.9822377562522888
38.15772003095312,244800,0.9822377562522888
24.078184342331696,244800,0.9822432994842529
22.080956191764656,244800,0.9810226559638977
22.422335430268184,244800,0.9819626212120056
31.479269614620208,244800,0.9819626212120056
31.058520976009035,244800,0.9821455478668213
36.34415266397262,244800,0.9818477630615234
33.29891099396151,244800,0.9818477630615234
16.762251044178885,244800,0.9827914834022522
20.04262506934987,244800,0.9815223217010498
24.53509621314099,244800,0.974396288394928
29.27629941156952,244800,0.974396288394928
35.78385359053776,240480,0.9749806523323059
22.26498252915546,240480,0.9859959483146667
37.24588861634172,240480,0.9859959483146667
25.765881337876294,240480,0.9823516011238098
23.785432481727394,240480,0.9816551208496094
23.024474939217427,240480,0.9816551208496094
30.273030608875274,240480,0.9802784323692322
28.83789222437632,240480,0.9836511015892029
33.20217175154141,240480,0.9834676384925842
30.544860504321598,240480,0.9806032776832581
36.58987080556349,240480,0.9806032776832581
27.64390169568383,240480,0.9880017638206482
37.05831190236669,240480,0.9824564456939697
21.443360310989924,240480,0.9714906215667725
27.198793294591546,240480,0.9714906215667725
35.87905174940102,240480,0.9806826114654541
23.286268941004558,240480,0.928493857383728
37.90837770352014,240480,0.9292705655097961
28.61361704046659,240480,0.9782356023788452
23.13419802724051,240480,0.9830716252326965
25.389526911423644,240480,0.9830716252326965
37.48823964217159,240480,0.9915527701377869
28.026638474828857,240480,0.9891297817230225
28.631977859868755,240480,0.9912692308425903
24.041059065056743,240480,0.9918625354766846
31.877619654577167,240480,0.9888055324554443
31.536311343457925,240480,0.9910489320755005
29.317226339910622,240480,0.993617057800293
23.785972032157485,240480,0.9930738210678101
20.215540233178636,240480,0.9930738210678101
34.980461061820236,240480,0.994130551815033
30.564002487007656,240480,0.9930537343025208
23.94771928734271,240480,0.9944280385971069
22.177277005099082,240480,0.9932678937911987
21.800008129830303,240480,0.9914000034332275
35.22961593489371,240480,0.9914000034332275
27.512618262959798,240480,0.9948505759239197
25.901926555623184,240480,0.9935153722763062
23.23570023550089,240480,0.992580771446228
29.438836847982067,240480,0.992580771446228
33.55625898958064,240480,0.9937061667442322
25.68902817702404,240480,0.9934207797050476
28.799675934740257,240480,0.9941565990447998
28.172532902317766,240480,0.991975724697113
28.864286885050692,240480,0.9943130016326904
23.941431292220642,240480,0.994724690914154
19.823052211627665,240480,0.9926890730857849
21.750154396691556,240480,0.9926032423973083
34.978127323453435,240480,0.9926032423973083
34.49966931175204,240000,0.9919593930244446
27.68312941672368,240000,0.9919593930244446
30.934138635964292,240000,0.9943084120750427
20.307545084283163,240000,0.9942730069160461
36.945693685181666,240000,0.9943432807922363
37.05929420232641,240000,0.992363452911377
28.904865951807466,240000,0.9937587976455688
35.37580653772888,240000,0.9937587976455688
27.6705279291842,240000,0.9905340671539307
20.770853377077955,240000,0.9927421808242798
29.952640344510648,240000,0.992323637008667
27.749062912227373,240000,0.9934438467025757
26.21895647708274,240000,0.9934438467025757
26.66449766992444,240000,0.9936222434043884
28.792558713630335,240000,0.9932830333709717
36.80434573602083,240000,0.9938215017318726
23.164990439461054,240000,0.994001567363739
21.013947759002658,240000,0.9928805828094482
35.887647505296684,240000,0.9928805828094482
29.29286104186841,240000,0.993034839630127
35.914074526716696,240000,0.9926593899726868
22.875418890313863,240000,0.991216778755188
24.490256221069547,240000,0.991216778755188
29.37389377782018,240000,0.9911412000656128
22.99027358827591,240000,0.9936670660972595
20.718014959010613,240000,0.9913157224655151
29.43119373387036,240000,0.9926232099533081
29.528370018371845,240000,0.9929783940315247
28.723546420084755,240000,0.9924403429031372
36.477539395112196,240000,0.9922845363616943
28.895506741029926,240000,0.9937276840209961
27.801851985821347,240000,0.9935592412948608
29.30309362693748,240000,0.9888157844543457
28.679748009588245,240000,0.9923984408378601
23.17382162422725,240000,0.9897812604904175
25.413525418077562,240000,0.9897812604904175
26.699633413251018,240000,0.9921660423278809
39.439724079699964,240000,0.9858023524284363
29.124846997283047,240000,0.9924827218055725
22.252225203081526,240000,0.9836118817329407
31.662007895654277,240000,0.991719126701355
28.870048529302256,240000,0.9902210235595703
35.09725267113022,240000,0.9854230880737305
35.86524576504786,240000,0.9875152111053467
35.517199292637166,240000,0.9875152111053467
29.872429406421876,240000,0.9879558682441711
34.94199415700929,240000,0.9930332899093628
20.68939993176457,240000,0.98546302318573
17.41153968113592,240000,0.98546302318573
22.20957095589393,240000,0.9879428744316101
37.201621105824756,240000,0.98795485496521
26.292258887635427,239040,0.9976305961608887
23.341084190710852,239040,0.9977625608444214
31.853168465035044,239040,0.9977625608444214
28.915227890493675,239040,0.9797582626342773
34.50676507772537,239040,0.9812712073326111
36.06942478386095,239040,0.9826221466064453
27.752551462087716,239040,0.9833435416221619
21.134446046481347,239040,0.9841874837875366
36.138105840978454,239040,0.9991574287414551
35.16257277039863,239040,0.9826168417930603
33.65480562588081,239040,0.9819275736808777
39.58713280725757,239040,0.9824923276901245
27.062610843800773,239040,0.9908816814422607
30.92250747670734,239040,0.9908816814422607
27.985311508537333,239040,0.9938846230506897
36.39019017378676,239040,0.9902409315109253
35.78965506409822,239040,0.9934367537498474
36.041529869099456,239040,0.9924496412277222
29.256695046854297,239040,0.9932587146759033
36.32652533418922,239040,0.99272221326828
16.00188045144888,239040,0.9922284483909607
35.042126032221965,239040,0.9943563342094421
37.05110996017005,239040,0.9943563342094421
28.708604588691873,239040,0.9932512640953064
28.76550586891947,239040,0.9940521121025085
28.50026474878579,239040,0.9953312277793884
29.2401742749188,239040,0.9953312277793884
34.064806103226054,239040,0.9946526288986206
29.76304944487728,239040,0.9936570525169373
23.449132565577667,239040,0.9928991794586182
29.93532447932163,239040,0.9928516745567322
28.261181769259476,239040,0.9928516745567322
34.32939915255142,239040,0.9926838278770447
18.40477254084863,239040,0.9931758046150208
36.3218066310548,239040,0.9931758046150208
35.300182977606475,239040,0.9924343824386597
30.820936844118332,239040,0.992774248123169
34.471598714848554,239040,0.9934157133102417
24.394679733714188,239040,0.9934157133102417
30.031777897391038,239040,0.9921888113021851
32.16806698225983,239040,0.9922060370445251
29.21593683026574,239040,0.9923585057258606
24.40447359054824,239040,0.9923585057258606
36.13343595796671,239040,0.9921350479125977
25.428778784710882,239520,0.9924679398536682
20.9029380555554,239520,0.9924679398536682
21.57417357919366,239520,0.9926959276199341
36.268413545666725,239520,0.9920693635940552
26.58792810144542,239520,0.992555558681488
26.52671991292604,239520,0.9922276139259338
28.834521949780676,239520,0.9926382303237915
29.022871777990975,239520,0.9908231496810913
27.414791908155046,239520,0.9927753210067749
37.72765572005417,239520,0.9912433624267578
26.607830988187875,239520,0.9925472140312195
29.263226917169867,239520,0.9925472140312195
30.753141998016638,239520,0.9921591281890869
37.478525249952014,239520,0.9919193983078003
34.59585174400243,239520,0.9919977784156799
29.283862276692737,239520,0.9923028945922852
22.990651644829242,239520,0.9933398365974426
38.325778551763776,239520,0.9915192723274231
36.001931337494064,239520,0.9915192723274231
35.33884751213748,239520,0.9924319982528687
28.809368919309154,239520,0.9923170804977417
36.12596665501176,239520,0.9923170804977417
35.35046339424319,239520,0.9918617010116577
29.513617696961784,239520,0.9917408227920532
35.9510145505933,239520,0.9913679957389832
35.38356581713566,239520,0.9913679957389832
20.599473495864203,239520,0.9914964437484741
29.245475205081586,239520,0.9928085803985596
36.73568523853221,239520,0.9927171468734741
27.86242882910818,239520,0.9927869439125061
32.17004079822972,239520,0.9922365546226501
32.693113791065905,239520,0.9922365546226501
27.824352825469667,239520,0.9926061630249023
22.438409202232652,239520,0.9913777112960815
31.639318168715374,239520,0.9926350712776184
29.560002088739623,239520,0.992544412612915
34.819582214679784,239520,0.992393970489502
36.40471931481186,239520,0.9932188391685486
20.18780961777709,239520,0.990298867225647
36.79659651425711,239520,0.990298867225647
29.134760138088982,239520,0.9927573204040527
22.18372827992056,240960,0.9903016090393066
25.370636944996455,240960,0.9917870163917542
32.32375187359425,240960,0.9933071732521057
24.07030807705426,240960,0.991266667842865
22.446815115967116,240960,0.9927606582641602
29.458479253403898,240960,0.9928297400474548
28.733385057430823,240960,0.9911348819732666
28.387038484811743,240960,0.9922922849655151
35.80156924741698,240960,0.9928561449050903
36.180501263587274,240960,0.9928561449050903
36.617981919118236,240960,0.9928561449050903
26.881705698830054,240960,0.9930816292762756
25.20566998454054,240960,0.9932340979576111
28.85177813078062,240960,0.9929810762405396
29.152985538939458,240960,0.9924099445343018
19.134494286482372,240960,0.9918136596679688
31.68209751744298,240960,0.9917175769805908
20.53653621138716,240960,0.9912310242652893
19.828300094463593,240960,0.9921585321426392
27.783987927080567,240960,0.9922318458557129
30.408007391959426,240960,0.9925634264945984
22.14870199302217,240960,0.9895260334014893
27.14176730048628,240960,0.9895260334014893
29.18645806366045,240960,0.9904395341873169
26.887392388679825,240960,0.9906522035598755
32.90884101999619,240960,0.9908899664878845
33.21715976029738,240960,0.9908899664878845
28.991977429773883,240960,0.989723801612854
28.510532378220404,240960,0.9876992702484131
31.109200484761054,240960,0.9872905611991882
24.23847997530317,240960,0.9910146594047546
25.53979904226424,240960,0.9910146594047546
30.083905856955646,240960,0.9870790243148804
28.795721488676353,240960,0.9884157180786133
24.390565820843307,240960,0.9875131249427795
25.43587243981541,240960,0.9870906472206116
26.982526020053808,240960,0.9883458614349365
28.306193310613153,240960,0.9883458614349365
29.190926875360297,240960,0.9874885678291321
28.781889475277385,240960,0.9872000217437744
21.087692699659915,240960,0.987153947353363
34.021701203307586,240960,0.9872688055038452
27.094427985531706,240960,0.9871615767478943
34.090278182001775,240960,0.9858821630477905
21.330382970586452,240960,0.9850534796714783
30.464990851930747,240960,0.9847134947776794
14.060964242989815,240960,0.9992769360542297
26.24307148985601,240960,0.9992769360542297
33.71323636481759,241920,0.9988710284233093
33.864305484029735,241920,0.9988669157028198
20.91534198709161,241920,0.9993793964385986
29.649436524009,241920,0.9972992539405823
39.8413323074782,241920,0.9984618425369263
33.639689963135964,241920,0.998724639415741
22.73259180171096,241920,0.9975076913833618
30.416166341669616,241920,0.9966950416564941
28.66975009298125,241920,0.9974441528320312
36.68427753617123,241920,0.9974441528320312
28.37973967266877,241920,0.9967247843742371
28.681316942965527,241920,0.9967247843742371
27.567953014489284,241920,0.9970677495002747
22.45150114328281,241920,0.9968926310539246
22.28248856695341,241920,0.9968926310539246
33.77866986123324,241920,0.9967966675758362
21.113806543618654,241920,0.9972856044769287
38.710984672685804,241920,0.9972856044769287
28.368990367077643,241920,0.9967712759971619
21.56363650903393,241920,0.9971627593040466
26.998852624153944,241920,0.9960504174232483
20.019378890729904,241920,0.995757520198822
30.511974563531503,241920,0.9971816539764404
32.332472924602854,241920,0.9971816539764404
30.764646072587446,241920,0.9967926144599915
34.688268190041995,241920,0.9968845248222351
35.57956556600154,241920,0.9968845248222351
25.137088139923563,241920,0.9971206784248352
29.179757410994963,241920,0.9971206784248352
24.00830748983882,241920,0.9968608617782593
26.010994945517474,241920,0.9971945285797119
33.128480755437494,241920,0.9971945285797119
34.37582323719638,241920,0.9971064925193787
29.047393302921094,241920,0.9971078038215637
22.755531567432694,241920,0.9968775510787964
30.37849535979979,241920,0.9968775510787964
36.492773387637875,241920,0.9970142841339111
23.6505083572225,241920,0.9968193769454956
29.087884018112984,241920,0.9972023963928223
17.687992354950442,241920,0.9970335960388184
37.289267021214975,241920,0.9970335960388184
36.47690492143728,241920,0.9967644214630127
36.17114078324432,241920,0.9968879818916321
24.059124349468558,241920,0.9968879818916321
35.93930865728607,241920,0.9968879818916321
19.157392139555206,241920,0.9968898892402649
15.189148355850039,241920,0.9968937635421753
33.396481522800634,241920,0.9968937635421753
24.129714200652455,241920,0.9968441724777222
31.470766567905493,241920,0.9968063831329346
31.938060965132586,242400,0.9967484474182129
25.48548420224381,242400,0.9968563318252563
39.32582962668417,242400,0.9971262812614441
22.354575892554795,242400,0.9976494908332825
20.171401752564307,242400,0.9967694282531738
30.422564255476797,242400,0.9967581629753113
28.43148848415543,242400,0.9967292547225952
28.4068409996354,242400,0.996853768825531
37.11668529224517,242400,0.996853768825531
28.27661450230023,242400,0.9969159364700317
28.824812035074718,242400,0.9968224763870239
23.04193025760062,242400,0.9957466721534729
21.635269034893973,242400,0.9968223571777344
28.243673652839213,242400,0.9968223571777344
29.07860752849586,242400,0.9969563484191895
32.119292101643126,242400,0.9969563484191895
31.343769876398472,242400,0.9969261288642883
23.96208470152991,242400,0.9967555403709412
37.10355166292028,242400,0.9967994689941406
28.954751057774565,242400,0.9958244562149048
28.68837926795225,242400,0.9966999888420105
35.36834890072718,242400,0.9967197775840759
21.749928822050332,242400,0.995713472366333
27.094427985531706,242400,0.9967198967933655
19.74076295502306,242400,0.9970846772193909
32.85084719212534,242400,0.9970846772193909
27.17817295317887,242400,0.9968739748001099
35.79332012198844,242400,0.9968739748001099
28.404724850322648,242400,0.9955757856369019
28.80422489062787,242400,0.9955757856369019
22.20063668150921,242400,0.9968275427818298
20.626521390663097,242400,0.9964949488639832
32.19621674595888,242400,0.9964949488639832
28.950154437252845,242400,0.9967842102050781
28.791965770654624,242400,0.9968389272689819
24.001026216729716,242400,0.9989461302757263
26.648064894752082,242400,0.9989461302757263
39.76201615472544,242400,0.9969218373298645
13.81927282655328,242400,0.9855475425720215
25.53871047673975,242400,0.9845665097236633
35.43438357459392,242400,0.9789907932281494
28.8448335064093,242400,0.9739533066749573
37.130156915263456,242400,0.9717502593994141
33.18509666038704,242400,0.9691016674041748
22.080374979968095,242400,0.9458107948303223
20.771264827364995,242400,0.9418958425521851
58.483123295340235,242400,0.9368820786476135
51.1094141136465,242400,0.931571364402771
47.427459232156146,242400,0.9261935353279114
36.849614661247145,242400,0.9208447933197021
36.264650552779216,242400,0.915536105632782
35.74238210376136,241920,0.9102692604064941
19.705704901185896,241920,0.9048233032226562
30.307155067081005,241920,0.8993754386901855
34.21095547894802,241920,0.89391028881073
34.35864577205377,241920,0.8883980512619019
63.19369193655279,241920,0.8828200101852417
22.632619090073874,241920,0.8771263360977173
28.963148654106025,241920,0.871290922164917
28.091021705045968,241920,0.8652935028076172
43.12323926860283,241920,0.8591628074645996
21.590943183913353,241920,0.8528851270675659
36.32872781525864,241920,0.8464962244033813
29.944941931918315,241920,0.8407385349273682
31.049554106685015,241920,0.8353426456451416
16.86903793161352,241920,0.8301634192466736
49.721941068436514,241920,0.8255814909934998
32.40316208879716,241920,0.8244725465774536
31.438214066209348,241920,0.8269137144088745
45.523364135543005,241920,0.8301997184753418
30.144012181065797,241920,0.8341942429542542
36.40029617430682,241920,0.8385416269302368
21.40877339759433,241920,0.842888355255127
33.4350836489765,241920,0.848406970500946
47.504272929108225,241920,0.8542945981025696
35.553628364494614,241920,0.860170841217041
17.900799468234375,241920,0.866020143032074
36.774980530754846,241920,0.8717582821846008
33.229001960578046,241920,0.8773378729820251
22.174463079107195,241920,0.8826702833175659
24.156953159401322,241920,0.8879624605178833
35.829399880442885,241920,0.8930816650390625
44.44757445725102,241920,0.8978882431983948
48.39998841076693,241920,0.9024782180786133
23.58242530707497,241920,0.9068706631660461
29.361556142332482,241920,0.91094970703125
32.87067094903724,241920,0.9139479398727417
31.82320042962719,241920,0.917407214641571
22.924179323474895,241920,0.9206246137619019
32.82411017400158,241920,0.9257794618606567
31.490141307713433,241920,0.9296650886535645
18.594641841538852,241920,0.9314876794815063
20.204049549234124,241920,0.9594486355781555
27.298634487071656,241920,0.9594486355781555
53.5116112639528,241920,0.8185598850250244
49.3336126546034,241920,0.8185598850250244
44.81180466342343,214820,0.8185598850250244
47.162942878283935,214820,0.8185598850250244
16.166061641194517,214820,0.8185598850250244
48.93588252901973,214820,0.8185598850250244
47.625638667256034,214820,0.8185598850250244
47.840755364881254,214820,0.8185598850250244
15.183539855840833,214820,0.8185598850250244
28.43283762700939,214820,0.8185598850250244
63.026563588486326,214820,0.8185598850250244
35.18735193211999,214820,0.8185598850250244
24.052777722369537,214820,0.8185598850250244
47.97152881566531,214820,0.8185598850250244
31.237556363010988,214820,0.8185598850250244
22.13058804874407,214820,0.8185598850250244
37.7191736453325,214820,0.8185598850250244
35.363279503341644,214820,0.8185598850250244
35.90239267298518,214820,0.8185598850250244
28.71509057921104,214820,0.8185598850250244
23.259796147648505,214820,0.8185598850250244
29.996554085431573,214820,0.8185598850250244
37.05962164721874,214820,0.8185598850250244
19.486077389485608,214820,0.8185598850250244
50.1974034951854,214820,0.8185598850250244
28.16345275019625,214820,0.8185598850250244
43.03518949016582,214820,0.8185598850250244
29.000797672834317,214820,0.8185598850250244
31.809684953668963,214820,0.8185598850250244
24.46754079591976,214820,0.8185598850250244
28.644296709613474,214820,0.8185598850250244
33.57506204807076,214820,0.8185598850250244
21.6214394646464,214820,0.8185598850250244
22.853606566007713,214820,0.8185598850250244
39.46978648732997,214820,0.8185598850250244
21.983048625532476,214820,0.8185598850250244
41.612142612175624,214820,0.8185598850250244
35.35254910451862,214820,0.8185598850250244
36.73697227719244,214820,0.8185598850250244
41.641474811314865,214820,0.8185598850250244
27.11807698327495,214820,0.8185598850250244
17.317222817105982,214820,0.8185598850250244
22.924429912722697,214820,0.8185598850250244
22.00981147327994,214820,0.8185598850250244
55.55796758503545,214820,0.8185598850250244
56.01951484111802,214820,0.8185598850250244
50.77223259595833,97012,0.8185598850250244
17.50586658488985,97012,0.8185598850250244
36.54300861276435,97012,0.8185598850250244
69.56397789897566,97012,0.8185598850250244
29.17833645594352,97012,0.8185598850250244
23.010453971278768,97012,0.8185598850250244
38.89153462547759,97012,0.8185598850250244
21.04969918225834,97012,0.8185598850250244
33.1533574536015,97012,0.8185598850250244
30.111983266000454,97012,0.8185598850250244
32.79228824774031,97012,0.8185598850250244
29.53439985739413,97012,0.8185598850250244
50.77776459942648,97012,0.8185598850250244
29.213291476514804,97012,0.8185598850250244
17.576585445246373,97012,0.8185598850250244
51.57637513223981,97012,0.8185598850250244
36.9346321191726,97012,0.8185598850250244
32.24968847318122,97012,0.8185598850250244
30.65379925047644,97012,0.8185598850250244
27.490618583113854,97012,0.8185598850250244
38.23319846436839,97012,0.8185598850250244
21.708727288246102,97012,0.8185598850250244
33.6286317454727,97012,0.8185598850250244
47.927128088846395,97012,0.8185598850250244
35.72320360816828,97012,0.8185598850250244
18.507096985408182,97012,0.8185598850250244
33.70944303894217,97012,0.8185598850250244
23.6625167260633,97012,0.8185598850250244
41.70523910216985,97012,0.8185598850250244
32.34269499999993,97012,0.8185598850250244
33.01036979342915,97012,0.8185598850250244
25.802972521726886,97012,0.8185598850250244
46.761747187752654,97012,0.8185598850250244
24.030866233751773,97012,0.8185598850250244
24.083023200346002,97012,0.8185598850250244
27.247206325779207,97012,0.8185598850250244
41.644782440249735,97012,0.8185598850250244
43.9368069273917,97012,0.8185598850250244
24.06436974208498,97012,0.8185598850250244
22.902774182430257,97012,0.8185598850250244
18.645312676220552,97012,0.8185598850250244
23.97715267990628,97012,0.8185598850250244
24.334810520248418,97012,0.8185598850250244
47.28256860008557,97012,0.8185598850250244
48.590066714037036,97012,0.8185598850250244
70.86386143928274,77792,0.8185598850250244
42.44894899197853,77792,0.8185598850250244
34.30749684200476,77792,0.8185598850250244
22.56564830126417,77792,0.8185598850250244
36.21986824237028,77792,0.8185598850250244
45.00316797966147,77792,0.8185598850250244
20.84756099605599,77792,0.8185598850250244
35.803708530275784,77792,0.8185598850250244
24.119029980310515,77792,0.8185598850250244
33.93444503561158,77792,0.8185598850250244
26.636218767709526,77792,0.8185598850250244
42.71263875805453,77792,0.8185598850250244
35.23316718234169,77792,0.9935548901557922
15.8900916152693,77792,0.9935548901557922
30.351017075220728,77792,0.9890720844268799
34.81842601517949,77792,0.9821003079414368
37.38532267189225,77792,0.9820089340209961
36.001313300837914,77792,0.9791475534439087
23.353300421823334,77792,0.9719395637512207
26.602768107974843,77792,0.9707198739051819
25.62076772393574,77792,0.9696508049964905
33.597384427217364,77792,0.9691480398178101
35.314151925293416,77792,0.9687041640281677
27.716423253891165,77792,0.9685889482498169
28.823623515315543,77792,0.9684761166572571
28.73909455598703,77792,0.9687336087226868
28.11870515957679,77792,0.9689140915870667
35.00995131529611,77792,0.9688392877578735
24.01298082179778,77792,0.9688849449157715
28.343684908154124,77792,0.9687362909317017
28.620060177056637,77792,0.9687040448188782
30.06751561164081,77792,0.9687491059303284
23.638112507017592,77792,0.9684121608734131
21.89560263729099,77792,0.9680209159851074
32.308065831781796,77792,0.9676995277404785
36.17769261083369,77792,0.9674016833305359
28.678963607266017,77792,0.9671794176101685
36.17176466458056,77792,0.9669383764266968
21.582610652693102,77792,0.9667791128158569
36.097673578250266,77792,0.9664139151573181
17.24942279182152,77792,0.9661485552787781
25.506872157972683,77792,0.9659996032714844
32.38164790442367,77792,0.9657045602798462
36.18830536545973,61184,0.9654124975204468
28.560231316188524,61184,0.9651902914047241
24.023984077048812,61184,0.9649530649185181
29.492035252778003,61184,0.9647957682609558
27.120181114475535,61184,0.9646312594413757
30.745252021862843,61184,0.9646713137626648
35.203890784546346,61184,0.9648396372795105
28.46081298186342,61184,0.964936375617981
28.441513746432268,61184,0.9648270606994629
36.911229477616054,61184,0.964668333530426
28.995184170057964,61184,0.9643799662590027
26.731113373130242,61184,0.9639929533004761
20.358505617171588,61184,0.9635893702507019
36.7128552994885,61184,0.9631873965263367
26.059639245155985,61184,0.9630317091941833
28.464482797906605,61184,0.9627200365066528
28.39780147458721,61184,0.962843120098114
20.605039356830925,61184,0.9629930257797241
22.275388207755835,61184,0.9638071060180664
32.303586901446785,61184,0.9654656052589417
36.05888163151931,61184,0.9696843028068542
28.931183849320593,61184,0.9732893705368042
27.97915096952164,61184,0.9737566709518433
31.197824624283214,61184,0.9776604175567627
33.05615820005861,61184,0.981857419013977
36.40661527553903,61184,0.9820312261581421
24.13276857386629,61184,0.9820934534072876
23.029658177554534,61184,0.9820243120193481
24.165721604155408,61184,0.9820366501808167
17.601885876624266,61184,0.9820278882980347
28.24310310121472,61184,0.9820998907089233
30.73669034463186,61184,0.9821332097053528
36.599129925940076,61184,0.981916606426239
32.23556063530155,61184,0.981759786605835
32.62115528231586,61184,0.9817368984222412
28.953551798658534,61184,0.9819231629371643
36.043697926090026,61184,0.9821970462799072
35.0558914506132,61184,0.9822781085968018
26.891012444181197,61184,0.9823504686355591
21.514415370181716,61184,0.9823716282844543
36.55065138220555,61184,0.9824296236038208
35.819914257326424,61184,0.9824763536453247
27.5855402607035,61184,0.9825193881988525
30.85971381991808,61184,0.9826620817184448
27.79485095856436,61184,0.9826704859733582
28.556342347992594,61184,0.9826676249504089
29.639798464186725,61184,0.9828879833221436
17.79470330463066,61184,0.9831416606903076
37.66599327687883,61184,0.983189582824707
35.84379089533101,61184,0.9835745096206665
35.09226068366811,54948,0.9836782217025757
27.562337075916915,54948,0.9837232828140259
21.497323651434208,54948,0.9838377833366394
36.166774216408434,54948,0.9840739965438843
35.20802792719943,54948,0.9840062260627747
31.892405395456468,54948,0.9841262102127075
24.995078474159126,54948,0.9843171834945679
31.005484901314805,54948,0.9842453598976135
28.881379846668068,54948,0.9837599992752075
28.77872973781037,54948,0.9828963875770569
27.65702603379544,54948,0.9817618131637573
22.15373240711139,54948,0.9786473512649536
33.1693506185202,54948,0.9853421449661255
29.08526180155811,54948,0.9859583973884583
28.9176201622328,54948,0.9839194416999817
28.737125507088297,54948,0.994862973690033
23.628923979367322,54948,0.9978687763214111
27.91806607875668,54948,0.9991708993911743
29.797938377508785,54948,0.9993053674697876
28.876011271965314,54948,0.9993053674697876
24.376815568241657,54948,0.999489426612854
23.97633030155839,54948,0.9996161460876465
28.306957453803275,54948,0.9994370341300964
32.44878650671123,54948,0.9743328094482422
22.269119986731386,54948,0.9968985319137573
28.784654814782694,54948,0.9968293309211731
28.743624392642634,54948,0.993767499923706
38.81056397139083,54948,0.9972074627876282
35.84225938682486,54948,0.9972074627876282
33.73492890082421,54948,0.9892164468765259
19.216725996221403,54948,0.9985917210578918
24.784754292840482,54948,0.9985917210578918
29.31497238538413,54948,0.9903343319892883
20.927134144484327,54948,0.9987277388572693
36.893696949554986,54948,0.9987277388572693
23.598214308547227,54948,0.9990290403366089
39.51924774812815,54948,0.9994896650314331
33.176172068317676,54948,0.9996230602264404
27.613508420959885,54948,0.9996230602264404
28.751308684455363,54948,0.9995156526565552
30.65581566487398,54948,0.9930126070976257
28.80897315956645,54948,0.9981537461280823
23.43891143543724,54948,0.9963087439537048
23.37177899682299,54948,0.9990474581718445
35.46044681642311,54948,0.9990474581718445
30.54508294773479,54948,0.9991530179977417
35.658211022035836,54948,0.9990267753601074
35.72259510409308,54948,0.9990267753601074
20.75646287925213,54948,0.9964324235916138
20.546797729310228,54948,0.9733085632324219
28.745791341085322,54948,0.9731355905532837
36.52964145432853,54948,0.9731014966964722
37.55436404774858,54948,0.9730682373046875
34.78608357460826,54948,0.9971852898597717
28.897696651315943,59311,0.9991055130958557
28.542545060322457,59311,0.9820989370346069
27.553645941916653,59311,0.9820989370346069
20.875576445194305,59311,0.9990003705024719
23.8315172299735,59311,0.9990003705024719
23.67440366644091,59311,0.9732990860939026
29.672089664987368,59311,0.9968392848968506
28.506075706011853,59311,0.9970813393592834
25.85131914294431,59311,0.9991274476051331
34.0769836509166,59311,0.9992077946662903
20.542168716693357,59311,0.9990923404693604
28.820652644673014,59311,0.9972414970397949
19.56999574227473,59311,0.9991080164909363
30.47229484326281,59311,0.9963717460632324
28.853167456947933,59311,0.9988629817962646
20.579259324120247,59311,0.9988629817962646
28.797698575954023,59311,0.9991631507873535
29.27160013965487,59311,0.9995232820510864
32.83361739335551,59311,0.9995232820510864
31.050243682038566,59311,0.9994379878044128
22.448617202654052,59311,0.9966678023338318
33.35717254446072,59311,0.999459445476532
22.932200897657935,59311,0.9960914254188538
22.67152205549412,59311,0.9992145299911499
31.036228334172126,59311,0.9991005659103394
28.97555401224122,59311,0.9991005659103394
22.22569433883383,59311,0.9987040758132935
21.842808406614633,59311,0.9991393089294434
23.118386502587978,59311,0.9991520643234253
37.97152447497179,59311,0.9991520643234253
26.455276231899276,59311,0.9991361498832703
19.098597483145873,59311,0.9990731477737427
20.062278067094873,59311,0.9990731477737427
24.5973986360798,59311,0.9992157220840454
36.40503529455284,59311,0.9992157220840454
28.671709919350835,59311,0.9995847344398499
36.64389512536673,59311,0.9991660118103027
28.8448335064093,59311,0.9990643858909607
23.13521886833301,59311,0.999161958694458
26.345105593009073,59311,0.9970554113388062
33.95779785341089,59311,0.9968845248222351
22.950018826642566,59311,0.9968845248222351
33.644816969433705,59311,0.999091625213623
31.827305614739455,59311,0.9886794686317444
28.159482023927847,59311,0.999138355255127
34.20732830981193,59311,0.9994543194770813
21.58316595467819,59311,0.9994578957557678
28.88893900117501,59311,0.9994640946388245
35.68612275738391,59311,0.9994640946388245
24.93400838934723,51272,0.9996465444564819
27.603694949499868,51272,0.9880107045173645
29.473383598980192,51272,0.9884458780288696
23.583486090078203,51272,0.9883180260658264
28.564510404814694,51272,0.9858176112174988
36.19392640377726,51272,0.9910215735435486
28.094408586765848,51272,0.9910215735435486
29.630166668362797,51272,0.9951542615890503
23.69339409503092,51272,0.9974645376205444
29.054033296055156,51272,0.9977219700813293
23.97153421863757,51272,0.9976623058319092
29.04377276754015,51272,0.997988224029541
27.9370333949849,51272,0.997988224029541
24.30083186027246,51272,0.9981107711791992
27.72393456935525,51272,0.998404324054718
29.96783493233639,51272,0.9986342787742615
24.008582341364722,51272,0.998478353023529
36.65125988319963,51272,0.998478353023529
24.019306461686828,51272,0.9990065693855286
21.001531787047316,51272,0.998995840549469
25.10413896768765,51272,0.9989645481109619
24.681930656620487,51272,0.9987840056419373
29.745530121587134,51272,0.9990341663360596
31.925176754355384,51272,0.998794674873352
27.593343849523148,51272,0.998794674873352
28.13737988659,51272,0.9989575147628784
29.21654736455381,51272,0.9988813996315002
28.60561597145367,51272,0.9987816214561462
23.79703821291148,51272,0.9988102912902832
29.37842017577781,51272,0.9984170198440552
28.55770336638278,51272,0.9987761378288269
19.848661912251888,51272,0.9989655017852783
27.366317702117282,51272,0.9989074468612671
26.10196670763687,51272,0.9990440011024475
22.26841059908441,51272,0.9987838864326477
24.227419348872534,51272,0.998828113079071
26.090763324128957,51272,0.998828113079071
27.431645977249573,51272,0.9990524649620056
24.453275937516672,51272,0.9984563589096069
31.462740129500727,51272,0.9989205598831177
21.490164235704366,51272,0.998840868473053
30.841106843897848,51272,0.998840868473053
17.928881710972288,51272,0.9989567995071411
28.776557820709613,51272,0.9989567995071411
30.33279893991607,51272,0.9987762570381165
28.13907881913126,49275,0.9984532594680786
26.88411794011017,49275,0.9984532594680786
30.601465424500315,49275,0.9989872574806213
27.66687746843694,49275,0.9987958669662476
30.377615284111474,49275,0.9988252520561218
28.844238408447033,49275,0.9985132813453674
30.804186358867316,49275,0.9990461468696594
34.10912986784771,49275,0.9990461468696594
27.76706589573215,49275,0.9990854263305664
28.425515247358156,49275,0.9989393353462219
29.30964623396084,49275,0.9989393353462219
29.1629178471344,49275,0.9990725517272949
20.478680654599238,49275,0.998794436454773
24.650163149487224,49275,0.9988314509391785
33.288075650744034,49275,0.9988314509391785
29.02467932840194,49275,0.9984423518180847
25.264122511293593,49275,0.9984240531921387
31.84833109389712,49275,0.9984240531921387
29.940453018461373,49275,0.9987779259681702
35.91468957171004,49275,0.9984273910522461
25.94598966063793,49275,0.9990742206573486
34.151900565486656,49275,0.9987732768058777
31.990433938652927,49275,0.9987732768058777
28.21821147410916,49275,0.9988779425621033
26.46028312290568,49275,0.9987958669662476
28.133793924843076,49275,0.9988884329795837
24.237919700863063,49275,0.9988884329795837
21.77669203136799,49275,0.9989008903503418
32.67910407890548,49275,0.9989008903503418
20.94918876141323,49275,0.9984347224235535
28.769846694540757,49275,0.9985032081604004
35.00293922729348,49275,0.9987958669662476
31.696702395628506,49275,0.9984171390533447
28.524492713489803,49275,0.9982190728187561
25.507182392252503,49275,0.9982190728187561
30.437135062937465,49275,0.9984885454177856
35.85512812731503,49275,0.9982696771621704
28.587288935825697,49275,0.9982696771621704
16.199778504266863,49275,0.8790153861045837
35.10371499885139,49275,0.8816898465156555
20.31354455679074,49275,0.9966199398040771
25.809323585143098,49275,0.9966199398040771
26.89497838550647,49275,0.9021489024162292
35.311773451377526,48391,0.9071173667907715
29.102415629010377,48391,0.9108442068099976
29.28324892585177,48391,0.914347231388092
19.782381810397432,48391,0.9170393347740173
31.88682883342033,48391,0.9192109704017639
31.773539280595,48391,0.9210724830627441
57.43325035930551,48391,0.9227194786071777
18.77930015226022,48391,0.9242517948150635
57.39945323867744,48391,0.925722062587738
28.80284027367566,48391,0.8947793841362
26.78146499791986,48391,0.8945976495742798
24.91667800484633,48391,0.8907399773597717
16.45682180264097,48391,0.8861590027809143
28.815504586053553,48391,0.8801552057266235
28.65466839932851,48391,0.8740748167037964
31.747565218834396,48391,0.8682054281234741
30.309126133191377,48391,0.8624345660209656
24.59408131341803,48391,0.8566868901252747
36.755966578174686,48391,0.8509163856506348
33.666421518651134,48391,0.8450348973274231
39.155484946019406,48391,0.838991105556488
41.034858841466225,48391,0.8331087827682495
25.529694502305297,48391,0.8277379870414734
35.47514299883124,48391,0.8222474455833435
30.161787282065898,48391,0.8166838884353638
39.94149412164369,48391,0.8110938668251038
30.04748340953645,48391,0.805573046207428
21.640403859202802,48391,0.800866425037384
21.07667211745762,48391,0.8005024194717407
38.421975508926664,48391,0.8014205098152161
23.846828134667003,48391,0.8030944466590881
42.0716976478109,48391,0.805503249168396
23.15105343381509,48391,0.8085526823997498
29.71876333334804,48391,0.812164306640625
49.00220200803959,48391,0.8161778450012207
48.49287893401375,48391,0.8205103874206543
24.060228452610758,48391,0.8251279592514038
36.01120443436133,48391,0.8299204707145691
24.390707656809543,48391,0.8347134590148926
28.667594593403642,48391,0.8396497368812561
48.06278044632573,48391,0.8446872234344482
23.439435379195203,48391,0.8505944013595581
17.023222379101977,48391,0.8566046953201294
58.91605051728055,48391,0.8627336621284485
20.385023081487965,48391,0.8618386387825012
28.76333594728312,48391,0.8683202266693115
45.874385720478585,48391,0.8717293739318848
38.2729704934687,48391,0.877470850944519
50.18298934247952,48832,0.8822277784347534
21.98466177957301,48832,0.887297511100769
26.749525203988895,48832,0.8911832571029663
39.78955212623671,48832,0.8956775665283203
38.310375734282836,48832,0.9310385584831238
33.56055497451472,48832,0.931225597858429
21.803407843834727,48832,0.9313726425170898
32.50209369232285,48832,0.9314708709716797
32.90703368166805,48832,0.931510329246521
25.432479328443275,48832,0.9314826130867004
31.859217245798757,48832,0.9314011931419373
35.06439040310898,48832,0.9513557553291321
30.55665447148765,48832,0.9556538462638855
34.38343186235843,48832,0.9569842219352722
35.62459297070639,48832,0.9569842219352722
16.854125127787505,48832,0.8185598850250244
57.38845810679249,48832,0.8185598850250244
40.380634779203994,48832,0.8185598850250244
19.57319213791941,48832,0.8185598850250244
40.38607821311886,48832,0.8185598850250244
22.18243772471002,48832,0.8185598850250244
31.227788317704306,48832,0.8185598850250244
59.646644725015186,48832,0.8185598850250244
36.46295208254056,48832,0.8185598850250244
23.606050311235432,48832,0.8185598850250244
48.852097183014884,48832,0.8185598850250244
23.637579643622846,48832,0.8185598850250244
29.290201740224312,48832,0.8185598850250244
33.44041508454058,48832,0.8185598850250244
30.135349000453704,48832,0.8185598850250244
23.355120954666113,48832,0.8185598850250244
25.653518791781458,48832,0.8185598850250244
24.628307113288088,48832,0.8185598850250244
34.93530024347547,48832,0.8185598850250244
45.80074801239894,48832,0.8185598850250244
31.483995515190927,48832,0.8185598850250244
26.84265325503249,48832,0.8185598850250244
45.02587411347521,48832,0.8185598850250244
23.494448530075523,48832,0.8185598850250244
32.61101001080978,48832,0.8185598850250244
44.33481724610401,48832,0.8185598850250244
8.920915565025942,48832,0.8185598850250244
29.397569917186434,48832,0.8185598850250244
29.84840734653472,48832,0.8185598850250244
34.152734826048466,48832,0.8185598850250244
56.224521446005774,107910,0.8185598850250244
51.53201773052421,107910,0.8185598850250244
39.66762779395143,107910,0.8185598850250244
59.437023695899605,107910,0.8185598850250244
40.56104633947849,107910,0.8185598850250244
37.9973240412374,107910,0.8185598850250244
23.15987399335095,107910,0.8185598850250244
35.63700306374746,107910,0.8185598850250244
45.84279772836206,107910,0.8185598850250244
29.91120119902986,107910,0.8185598850250244
36.18174969368725,107910,0.8185598850250244
28.978556905238975,107910,0.8185598850250244
19.864360565271042,107910,0.8185598850250244
25.229777301757363,107910,0.8185598850250244
46.57274620780955,107910,0.8185598850250244
20.834823317589066,107910,0.8185598850250244
47.18204230044606,107910,0.8185598850250244
37.03867683292214,107910,0.8185598850250244
34.944323076100986,107910,0.8185598850250244
28.801851343064264,107910,0.8185598850250244
30.25272371846028,107910,0.8185598850250244
27.90172280263732,107910,0.8185598850250244
35.700398883864416,107910,0.8185598850250244
29.826120566510003,107910,0.8185598850250244
21.16612192781549,107910,0.8185598850250244
35.71681534913746,107910,0.8185598850250244
22.195819859782702,107910,0.8185598850250244
37.05700225008822,107910,0.8033294081687927
22.51658627486751,107910,0.8468753695487976
24.840680217452803,107910,0.8417893052101135
28.953351931797453,107910,0.8204156160354614
30.17393842682993,107910,0.9058160185813904
24.124717802764494,107910,0.8898382782936096
23.55448156473939,107910,0.8310954570770264
24.395389169303222,107910,0.7950825691223145
20.58107697485902,107910,0.7461227178573608
16.024133373754204,107910,0.5292146801948547
20.51574284132547,107910,0.5952767729759216
21.098088030971343,107910,0.7635781764984131
23.422157593961664,107910,0.8292523622512817
23.189452671774845,215292,0.8689569234848022
18.663482326185875,215292,0.9055656790733337
20.351195781001355,215292,0.9271416664123535
22.486286869056578,215292,0.9399497509002686
18.373571068480445,215292,0.9489385485649109
18.34367851332332,215292,0.9578909277915955
19.950627032322863,215292,0.9630082845687866
25.24070899808198,215292,0.9676620364189148
24.027011740290266,215292,0.9732282161712646
25.830781525446042,215292,0.9758224487304688
21.24330748092029,215292,0.9704461097717285
21.13646961080941,215292,0.9604495763778687
15.14970203517446,215292,0.9290748834609985
26.627932743460345,215292,0.902509868144989
28.630023461241784,215292,0.8577159643173218
25.68493802320789,215292,0.8243194818496704
20.19646118091637,215292,0.9283212423324585
19.1043388793768,215292,0.9271194338798523
22.771468613626954,215292,0.9678449034690857
15.017512306162283,215292,0.6268258094787598
25.262905155315895,215292,0.7072118520736694
23.898733106445828,215292,0.8805477023124695
28.988971754881828,215292,0.9300628304481506
28.159292969652288,215292,0.9598183631896973
23.937878668468766,215292,0.9715086221694946
28.199050153703862,215292,0.9769970178604126
23.192401871314843,215292,0.9777827262878418
25.770313981732965,215292,0.9768857955932617
23.868405143652087,215292,0.9725458025932312
15.650727102103485,215292,0.9695568680763245
17.693812511427822,215292,0.9557191729545593
26.51615478543334,215292,0.9449474811553955
24.699372259137483,215292,0.9464055895805359
20.86010676387001,215292,0.9614695906639099
13.668942522445215,215292,0.9724615812301636
18.03976935695735,215292,0.9753465056419373
29.147515524924728,215292,0.9722069501876831
24.124440285772856,215292,0.9671208262443542
28.38876770076064,218053,0.9591139554977417
23.81811940035394,218053,0.9530245661735535
27.72338482286081,218053,0.9442039132118225
24.642197851583877,218053,0.0
66.65434079386846,218053,0.0
29.443796666590845,218053,0.0
77.16047329576874,218053,0.0
46.91552537584319,218053,0.0
28.973552429300778,218053,0.0
46.32993116069695,218053,0.0
29.55083846939713,218053,0.0
29.06409967798365,218053,0.0
35.2719815874874,218053,0.0
29.43863022513541,218053,0.0
32.45154814414451,218053,0.0
30.20435916560229,218053,0.0
31.305870494738983,218053,0.0
12.70854123064497,218053,0.0
34.98950724015237,218053,0.0
179.38792798460463,218053,0.0
37.74565034079514,218053,0.0
27.599154037414614,218053,0.0
35.88058640379944,218053,0.0
29.234467729548008,218053,0.0
28.42416679929449,218053,0.0
35.54308335031043,218053,0.0
27.82139982084353,218053,0.0
30.755848064995508,218053,0.0
33.32722185096372,218053,0.0
12.329581236846886,218053,0.0
27.062610843800773,218053,0.0
53.67939963496894,218053,0.0
76.00553116521587,218053,0.0
37.16173851581131,218053,0.0
33.96604770021515,218053,0.0
29.567712259613668,218053,0.0
32.860112465028536,218053,0.0
31.697421015728988,218053,0.0
27.679292966519675,222720,0.0
33.87962372418087,222720,0.0
30.00256205655433,222720,0.0
17.18391146084433,222720,0.0
19.02953723735219,222720,0.0
32.20981539805579,222720,0.0
92.81241765342658,222720,0.0
50.019012582652934,222720,0.0
28.22314830652566,222720,0.0
35.558149571953145,222720,0.0
27.500171497365425,222720,0.0
30.519967327242398,222720,0.462022602558136
20.58228892040972,222720,0.6034565567970276
28.686220966347186,222720,0.6034565567970276
36.379458695026216,222720,0.9413067102432251
11.35783765235904,222720,0.9395694732666016
22.74491925735176,222720,0.9345202445983887
23.333163472204166,222720,0.9352728128433228
24.373840750719115,222720,0.9283926486968994
20.245594538810927,222720,0.932921826839447
24.622957571347193,222720,0.917019248008728
22.984856143656117,222720,0.9188165664672852
27.38454247483961,222720,0.9124329090118408
21.909098588988293,222720,0.9149108529090881
24.56182020636598,222720,0.9148235321044922
23.32408074448117,222720,0.9132294654846191
20.58339999589268,222720,0.9137186408042908
25.028637885401267,222720,0.9137768149375916
23.42843747701945,222720,0.9176219701766968
26.400657579083845,222720,0.9187585115432739
26.28039758401501,222720,0.9072284698486328
20.306168656132833,222720,0.9030216336250305
28.82679311916694,222720,0.9049371480941772
11.731853075555138,225120,0.8849956393241882
31.80823754783191,225120,0.0
62.2825222852678,225120,0.0
51.45678499516443,225120,0.0
21.294645558171194,225120,0.0
66.13202072251148,225120,0.0
62.45874144143527,225120,0.0
49.551590429768716,225120,0.0
29.66054901942354,225120,0.0
35.19621009856249,225120,0.0
29.85690631181432,225120,0.0
34.96500584509036,225120,0.0
14.427288100991376,225120,0.0
31.46156011621365,225120,0.0
35.39939335575198,225120,0.0
35.8575803637543,225120,0.0
20.11394251958026,225120,0.0
27.3874034654153,225120,0.0
45.30161361021395,225120,0.0
76.11311310778629,225120,0.0
37.14561203081079,225120,0.0
33.72028337833387,225120,0.0
30.806675143701334,225120,0.0
28.78248200329813,225120,0.0
16.41373744108525,225120,0.0
27.55980159551814,225120,0.0
28.934576759447545,225120,0.0
35.65972684213939,225120,0.0
35.90638824132058,225120,0.0
19.981135601822793,225120,0.0
34.90332130703473,225120,0.0
84.504323255671,225120,0.0
34.177781609520224,225120,0.0
35.371331578178165,225120,0.0
36.94048741712787,225120,0.0
30.527742085387185,225600,0.0
15.841479194677685,225600,0.0
28.524686703295508,225600,0.0
29.093533475369167,225600,0.0
29.432639424023222,225600,0.0
37.79564989820985,225600,0.0
27.191034966406757,225600,0.0
21.47289114693779,225600,0.0
33.79990194810183,225600,0.0
62.27789836602773,225600,0.0
51.33272171448132,225600,0.0
29.75671477833953,225600,0.0
36.418627614331804,225600,0.0
15.846386916461592,225600,0.9950927495956421
23.988671903143324,225600,0.9827272295951843
27.6811197149438,225600,0.9827272295951843
24.923044490776416,225600,0.9877745509147644
29.761148761741484,225600,0.9881552457809448
33.37442522093418,225600,0.9881552457809448
20.643271921102926,225600,0.9956567287445068
29.34122168663832,225600,0.9989926218986511
36.144957186599896,225600,0.9976961016654968
27.525798851711084,225600,0.9976961016654968
29.75777036883238,225600,0.9982410669326782
27.646452674697187,225600,0.9986724853515625
36.627894988721536,225600,0.9952988028526306
24.07003181044073,225600,0.9976275563240051
37.013182327682216,225600,0.9927787184715271
31.5576662845948,225600,0.9889726042747498
21.980859723665898,225600,0.9918338060379028
29.977901804505425,225600,0.9858259558677673
32.66510636853634,225600,0.9858259558677673
29.99569600025949,225600,0.996657133102417
21.186649845931374,225600,0.996657133102417
23.858358158279728,225600,0.9962071180343628
23.965918389850884,225600,0.9968380928039551
37.14857298889053,225600,0.9964219331741333
28.38396484321645,229440,0.9964219331741333
28.853762923409157,229440,0.9989113807678223
32.23283563520541,229440,0.9986087679862976
31.110354214016724,229440,0.9986087679862976
29.23548659214039,229440,0.9974536299705505
37.40465993173247,229440,0.9833121299743652
27.454449840551526,229440,0.9965992569923401
27.760449841044377,229440,0.9965992569923401
30.036294238997744,229440,0.9944314360618591
30.40271744031075,229440,0.9974026083946228
19.36480344488412,229440,0.9969034790992737
29.186661161781622,229440,0.9969034790992737
26.412295061022412,229440,0.9975380897521973
28.219920182175947,229440,0.9947147965431213
32.69260413653101,229440,0.9987855553627014
29.74278799918678,229440,0.9981959462165833
27.34312518088207,229440,0.9986770749092102
27.269704445720297,229440,0.9989153146743774
25.53528987483508,229440,0.9990808963775635
21.805561544539483,229440,0.9986006617546082
26.79857642180412,229440,0.9981581568717957
18.36319407357859,229440,0.9980865716934204
27.92643083661992,229440,0.9977056384086609
36.61158923745889,229440,0.9977056384086609
36.075629518689205,229440,0.9985023736953735
31.95923308005376,229440,0.9985023736953735
36.138105840978454,229440,0.9990836381912231
31.754054752247725,229440,0.9994606375694275
28.867266758717374,229440,0.9995131492614746
19.752476709921048,229440,0.99904865026474
25.682264396003422,229440,0.99904865026474
35.98833943096884,229440,0.9991604089736938
35.70556540249615,229440,0.9984001517295837
33.98063223011241,229440,0.9984001517295837
29.679018364076477,229440,0.9984554052352905
27.770742844501417,229440,0.9960530996322632
24.402485795318828,229440,0.9981582760810852
24.529500168547862,229440,0.997929573059082
29.207798810656257,229440,0.9972820281982422
35.0558914506132,229440,0.9991129040718079
29.528370018371845,229440,0.9991129040718079
34.86299519550305,229440,0.9991119503974915
36.25399297880708,229440,0.9991119503974915
34.073384833016775,229440,0.9995162487030029
20.87391417182164,229440,0.9996352195739746
30.17458965731564,229440,0.99903404712677
33.24638580267801,230880,0.998559296131134
23.218592859627403,230880,0.9928923845291138
31.70916309163384,230880,0.9974554181098938
23.911949156885346,230880,0.9974554181098938
22.349096601949856,230880,0.994044840335846
19.824645025250145,230880,0.9952048063278198
19.01763019750069,230880,0.9983175992965698
22.974154749678668,230880,0.8887385129928589
25.642540212950372,230880,0.9985914826393127
24.183695914960353,230880,0.9985914826393127
28.76392771162538,230880,0.9989466071128845
28.698979279042682,230880,0.9988910555839539
24.939049091121554,230880,0.9988958835601807
21.74361463119733,230880,0.9110603332519531
26.1617177721934,230880,0.9969977140426636
23.703570508293033,230880,0.9894764423370361
31.19272027553605,230880,0.9894764423370361
32.05350868436374,230880,0.9948686361312866
24.10710813451922,230880,0.9915335774421692
21.68145828765904,230880,0.9106170535087585
27.191034966406757,230880,0.0
176.83909433580462,230880,0.0
49.98503518856553,230880,0.0
127.13789926030987,230880,0.0
41.30642768926713,230880,0.0
36.82373307756991,230880,0.0
30.818219311795286,230880,0.0
19.589555757445776,230880,0.0
88.30449370675935,230880,0.0
30.971600174963076,230880,0.0
27.289576160252665,230880,0.0
35.45055624706391,230880,0.0
21.759181220709962,230880,0.0
33.33066476782645,230880,0.0
28.3488573513455,230880,0.0
35.10606552626946,230880,0.0
32.792801015047274,230880,0.0
31.26922819744201,230880,0.0
30.674199667100403,230880,0.0
29.0659123675666,230880,0.0
27.84596573887119,230880,0.0
33.112265559484584,230880,0.0
37.78441398066074,231360,0.0
24.66944598651904,231360,0.0
35.89071841634947,231360,0.0
20.940298611150478,231360,0.0
34.57959405285139,231360,0.0
25.657441991377116,231360,0.0
32.12495027644844,231360,0.0
31.479505875952913,231360,0.0
32.637654818444474,231360,0.0
36.12036670399817,231360,0.0
28.37455595498738,231360,0.0
34.45489148609469,231360,0.0
25.653361888752663,231360,0.0
35.18380991389216,231360,0.0
35.13900599306803,231360,0.0
24.24828897261688,231360,0.0
20.889300308911398,231360,0.0
48.17097127846925,231360,0.0
28.540408645103692,231360,0.0
29.08264005773614,231360,0.0
28.758799896122877,231360,0.0
35.9199183048112,231360,0.0
28.92918839150932,231360,0.0
35.876289702278726,231360,0.0
23.00818190974142,231360,0.0
38.470608157750924,231360,0.9988917708396912
23.637313220934445,231360,0.998877227306366
37.089771351718326,231360,0.9995125532150269
21.663428871707932,231360,0.9989901185035706
19.58324475388327,231360,0.9700882434844971
28.067524200110935,231360,0.9977399110794067
35.43917393898495,231360,0.9968910813331604
29.932974486011044,233280,0.9968910813331604
36.95741315558018,233280,0.9929416179656982
22.512839698267886,233280,0.9929416179656982
28.473178243719406,233280,0.9967209696769714
31.00663095037059,233280,0.9904342889785767
28.60561597145367,233280,0.9925022125244141
28.630414319621945,233280,0.9894241690635681
28.8448335064093,233280,0.9894241690635681
28.534001317949887,233280,0.9695593118667603
29.443383284541948,233280,0.9694240093231201
35.86923306906124,233280,0.9687941074371338
28.208342988809765,233280,0.9604452848434448
24.48453767895899,233280,0.9532776474952698
36.714462112841744,233280,0.9526923894882202
34.33473856713756,233280,0.948827862739563
54.65874400004438,233280,0.0
46.75809808827572,233280,0.0
48.13006653434565,233280,0.0
33.03584994724572,233280,0.0
33.289396656510746,233280,0.0
29.604233851022,233280,0.0
31.11081572968046,233280,0.0
17.155235434715937,233280,0.0
39.97461241253583,233280,0.0
35.96180304271402,233280,0.0
25.304971843998494,233280,0.0
33.20953259160857,233280,0.0
34.84619601253452,233280,0.0
31.636215787996044,233280,0.0
25.994390899425305,233280,0.0
38.21438791868919,233280,0.0
30.601465424500315,233280,0.0
32.84518765259445,233280,0.0
29.303912542583905,233280,0.0
38.177517289311965,233280,0.0
19.91387476452829,233280,0.0
28.846222163819263,230880,0.0
29.675028717946102,230880,0.0
34.606413166959534,230880,0.0
33.97512716275874,230880,0.0
25.10008272115717,230880,0.0
28.466028266755643,230880,0.0
41.490300207424085,230880,0.0
33.24875773595809,230880,0.0
27.316591285084712,230880,0.0
37.27833011893154,230880,0.0
28.677002789167577,230880,0.0
28.47878479106316,230880,0.0
23.824884097597348,230880,0.0
31.102279905844092,230880,0.0
27.255173852821493,230880,0.0
36.27092264147293,230880,0.0
28.573072429953502,230880,0.0
28.949355173963255,230880,0.0
28.338897291570557,230880,0.0
38.81200050591812,230880,0.0
33.973200810562126,230880,0.0
27.734200507391982,230880,0.0
30.17741198094902,230880,0.0
38.624715630791265,230880,0.0
19.726001124776968,230880,0.0
28.78248200329813,230880,0.5321159362792969
20.032860842881806,230880,0.5321159362792969
28.95295220635328,230880,0.7100334167480469
36.22456049455891,230880,0.9948210716247559
18.5727397533659,230880,0.9936314225196838
23.650241643013118,230880,0.9949866533279419
19.49160123941684,230880,0.9921155571937561
16.6041217300964,230880,0.9931332468986511
18.73953006569692,231360,0.9935638308525085
22.10539474775288,231360,0.9940624833106995
21.355579347186705,231360,0.9946653842926025
26.294731340337165,231360,0.9931882619857788
16.453335751276082,231360,0.9934954643249512
17.93509157247912,231360,0.9925554394721985
24.526774815065558,231360,0.9925901889801025
24.208821079502634,231360,0.9929966330528259
24.016693293444416,231360,0.9936089515686035
24.0169683370094,231360,0.9945030212402344
24.263017363529826,231360,0.9932481050491333
20.030756080403695,231360,0.9940926432609558
25.898567886611787,231360,0.9951506853103638
23.053328426813785,231360,0.9957689046859741
23.602330881578666,231360,0.994434654712677
45.98906892546163,231360,0.0
77.82622748877766,231360,0.0
119.10495122622625,231360,0.0
67.05822773783103,231360,0.0
40.340631724444016,231360,0.0
31.65245036111934,231360,0.0
31.775946436304913,231360,0.0
28.59586462389037,231360,0.0
27.525437571432928,231360,0.0
19.60429726291727,231360,0.0
35.126057725815734,231360,0.0
34.11384604752548,231360,0.0
27.973552832682778,231360,0.0
30.37079642609336,231360,0.0
34.91000297010956,231360,0.0
29.073769969293792,231360,0.0
23.95674696482846,231360,0.0
46.83537195100038,231360,0.0
33.85282589114044,231360,0.0
29.89222879983733,231360,0.0
37.26541295739925,231360,0.0
20.55717026167391,231360,0.0
28.176885883796185,231360,0.0
30.286583687968132,230400,0.0
32.66281697570329,230400,0.0
30.460787111712268,230400,0.0
34.66705180723019,230400,0.0
29.098983245000724,230400,0.0
26.95963260401953,230400,0.0
31.084070436219026,230400,0.0
26.23863887675795,230400,0.0
55.3395245845078,230400,0.0
30.01394087925315,230400,0.0
35.85512812731503,230400,0.0
20.36295335594125,230400,0.0
27.30520997922296,230400,0.0
25.333553255191486,230400,0.0
36.31834702780312,230400,0.0
34.774258949735845,230400,0.0
29.70992192132694,230400,0.0
32.70866589131716,230400,0.0
29.033117541491624,230400,0.0
30.816407889796785,230400,0.0
24.066440921472704,230400,0.0
46.29107028662111,230400,0.0
30.61889016693311,230400,0.0
34.14578389984617,230400,0.0
20.170528708897624,230400,0.6662095189094543
20.351689523488744,230400,0.8475027680397034
25.030430252120215,230400,0.9918911457061768
23.908268994588823,230400,0.9914333820343018
23.59516100475265,230400,0.9924742579460144
24.202953872653598,230400,0.9930794835090637
23.964138310586375,230400,0.9932056665420532
20.5718910307246,230400,0.9908058047294617
18.228401318351434,230400,0.991428792476654
25.355606510160456,230400,0.991230845451355
22.268647056611638,230400,0.9913938641548157
20.65557294451147,231840,0.9906637668609619
15.552823439634954,231840,0.9911555051803589
25.13814273633991,231840,0.989801824092865
24.400640275392202,231840,0.9895150661468506
20.41449078582274,231840,0.9897777438163757
20.42244278491592,231840,0.986029326915741
22.88290698964309,231840,0.9868438839912415
25.694851026971335,231840,0.9819234013557434
17.74967118981938,231840,0.9824188351631165
51.20800481130835,231840,0.9826081991195679
32.80613859599101,231840,0.9834132194519043
37.35934889354205,231840,0.0
135.39536742651325,231840,0.0
30.121930906813486,231840,0.0
26.85244870268382,231840,0.0
37.885093972366796,231840,0.0
39.01961465348858,231840,0.0
27.423216353111663,231840,0.0
28.818870416230606,231840,0.0
36.7443744999567,231840,0.0
12.008009535848846,231840,0.0
36.17831671820474,231840,0.0
138.6721237668341,231840,0.0
40.616428525027324,231840,0.0
31.743480576963393,231840,0.0
26.638079604423996,231840,0.0
40.176405390612054,231840,0.0
24.391984254741914,231840,0.0
33.944331718628156,231840,0.0
33.95147568434383,231840,0.0
31.952659420340865,231840,0.0
28.66034665468587,231840,0.0
16.01581185659237,231840,0.0
21.632367820642646,231840,0.0
32.84004430858393,231840,0.0
68.74533931858633,231840,0.0
46.75809808827572,229920,0.0
30.911340677162762,229920,0.0
28.012973992446927,229920,0.0
31.43326632735504,229920,0.0
32.71861679375537,229920,0.0
35.40178364823409,229920,0.0
33.67966801225187,229920,0.0
30.5526479519984,229920,0.0
15.907810003864345,229920,0.0
28.572877781471565,229920,0.0
19.58251330637546,229920,0.0
40.547714362940305,229920,0.0
115.99229707501962,229920,0.0
38.19072687811522,229920,0.0
29.72360728923683,229920,0.0
28.305238189639688,229920,0.0
35.10871024590397,229920,0.0
35.846241581189965,229920,0.0
29.50572814254459,229920,0.0
27.88298874670935,229920,0.0
15.979202221753972,229920,0.0
29.414062798344556,229920,0.0
