Frame_ID,Time_YOLO_ms,Time_MediaPipe_ms,Time_Model_ms,Num_Persons,BBox_Area,Target_Confidence,FPS,Total_Latency_ms
0,971.79,40.42,54.04,1,138203.22,0.9081,0.9,1068.14
1,977.55,32.41,12.09,1,166118.78,0.9972,1.0,1022.16
2,912.54,31.35,10.66,1,133534.83,0.9969,1.0,954.66
3,905.44,31.14,11.38,1,187092.39,0.9996,1.1,948.13
4,927.91,32.0,11.62,1,58252.61,0.9985,1.0,971.66
5,920.1,31.75,9.5,2,173733.88,0.4735,1.0,961.47
6,891.09,46.26,13.44,1,45915.98,0.9966,1.1,950.95
7,920.46,31.83,9.53,1,206135.38,0.9676,1.0,961.98
8,909.93,29.05,10.35,1,275176.0,0.986,1.1,949.5
9,925.33,44.02,9.05,1,149510.5,0.976,1.0,978.62
10,924.62,42.71,10.62,1,91913.62,0.9936,1.0,978.1
11,910.97,16.93,0.0,1,180676.05,0.0,1.1,927.98
12,917.13,30.86,11.11,1,90845.02,0.9988,1.0,959.22
13,934.71,30.74,11.22,1,153657.91,0.3592,1.0,976.86
14,919.61,34.48,13.54,1,188367.83,0.9975,1.0,967.78
15,930.4,30.46,11.82,1,115553.03,0.9994,1.0,972.8
16,934.76,28.04,10.3,1,164578.2,0.9985,1.0,973.26
17,880.28,30.61,13.11,1,171028.22,0.9983,1.1,924.11
18,912.08,30.62,9.2,1,185437.31,0.9985,1.1,952.06
19,903.44,45.12,12.5,1,148741.91,0.9479,1.0,961.23
20,982.0,18.52,0.0,1,187568.69,0.0,1.0,1000.6
21,1164.79,36.44,12.81,1,72837.11,0.9983,0.8,1214.39
22,1062.8,48.16,11.02,1,93132.46,0.9993,0.9,1122.14
23,925.63,30.88,11.94,1,151604.91,0.9928,1.0,968.61
24,974.64,44.39,11.93,1,54822.33,0.8255,1.0,1031.14
25,1011.05,43.58,15.18,1,161068.3,0.9974,0.9,1070.01
26,2942.78,99.15,23.95,1,115582.31,0.9975,0.3,3066.12
27,2752.48,40.22,0.0,1,215868.53,0.0,0.4,2792.81
28,2551.36,74.8,23.94,1,76807.56,0.9738,0.4,2650.34
29,2904.01,70.88,24.01,1,137334.83,0.6145,0.3,2999.09
30,2494.21,69.45,22.88,1,178220.09,0.9954,0.4,2586.71
31,2631.35,38.56,0.0,2,52722.75,0.0,0.4,2670.03
32,2552.83,69.16,23.76,1,107941.95,0.9959,0.4,2645.91
33,2578.46,98.9,23.83,1,162032.06,0.9982,0.4,2701.39
34,1874.38,37.4,0.0,1,134801.16,0.0,0.5,1911.99
35,1010.48,33.75,13.33,1,104229.66,0.9926,0.9,1057.73
36,1074.52,31.46,11.88,1,101723.95,0.9983,0.9,1117.99
37,977.87,30.57,11.23,3,53033.09,0.9963,1.0,1019.8
38,1048.84,31.26,9.88,1,152934.11,0.9994,0.9,1090.09
39,956.17,33.28,11.04,1,93064.53,0.9988,1.0,1000.64
40,958.54,42.24,10.75,1,73271.02,0.9993,1.0,1011.62
41,927.86,32.01,11.52,1,134773.06,0.4956,1.0,971.55
42,951.82,42.3,11.8,1,115021.42,0.9926,1.0,1006.06
43,933.9,31.51,0.0,1,172466.48,0.0,1.0,965.51
44,934.86,47.41,10.99,1,96624.51,0.9987,1.0,993.4
45,903.69,29.05,11.06,1,89958.26,0.9956,1.1,943.92
46,925.05,18.94,0.0,1,110063.05,0.0,1.1,944.06
47,905.06,32.1,11.17,1,69789.51,0.9614,1.1,948.45
48,927.38,42.81,9.45,1,143279.03,0.9966,1.0,979.75
49,920.37,29.04,11.06,1,186348.23,0.9987,1.0,960.6
50,902.11,31.87,11.23,1,85679.06,0.3443,1.1,945.39
51,893.53,29.96,10.48,1,93645.41,0.9706,1.1,934.34
52,918.96,42.22,11.36,1,82501.57,0.4229,1.0,972.77
53,885.33,43.77,10.85,1,160521.11,0.2482,1.1,940.03
54,956.67,32.59,11.47,1,58248.91,0.9987,1.0,1000.93
55,923.65,45.18,10.47,1,149816.09,0.9951,1.0,979.42
56,900.26,30.09,10.77,1,123064.19,0.4559,1.1,941.24
57,915.53,44.68,10.4,1,58167.57,0.9097,1.0,970.79
58,969.01,43.86,12.44,1,89600.96,0.9925,1.0,1025.45
59,957.65,31.65,9.28,1,125897.27,0.9819,1.0,998.73
60,917.46,30.28,9.78,1,183257.5,0.9962,1.0,957.64
61,908.4,42.5,10.22,1,125184.6,0.4816,1.0,961.31
62,887.36,43.27,10.51,1,156476.62,0.543,1.1,941.24
63,914.15,37.84,17.37,1,103387.02,0.998,1.0,969.5
64,904.44,30.31,9.7,1,177382.56,0.9874,1.1,944.62
65,948.14,30.44,10.94,1,252887.52,0.9961,1.0,989.62
66,896.14,48.65,10.8,1,107062.06,0.9972,1.0,955.69
67,1132.66,30.96,10.65,1,124974.16,0.9956,0.9,1174.4
68,935.56,33.21,11.43,1,135030.48,0.9958,1.0,980.37
69,942.42,32.85,11.15,2,168903.03,0.9975,1.0,986.6
70,913.52,32.29,10.52,1,213516.55,0.9982,1.0,956.51
71,925.86,30.89,15.49,1,115831.63,0.9988,1.0,972.41
72,907.0,31.34,10.08,1,120011.28,0.9977,1.1,948.55
73,919.43,33.07,15.83,1,127136.57,0.9985,1.0,968.5
74,906.78,33.81,9.59,1,98437.39,0.9991,1.1,950.29
75,919.27,63.55,10.83,1,220562.53,0.9964,1.0,993.84
76,967.06,34.53,12.34,1,253561.92,0.9981,1.0,1014.07
77,897.68,29.37,11.45,1,238983.48,0.9961,1.1,938.6
78,892.24,45.85,9.49,1,128073.11,0.4705,1.1,947.72
79,1041.1,51.57,13.78,1,98217.16,0.4717,0.9,1106.61
80,983.3,30.6,0.0,1,124047.41,0.0,1.0,1014.0
81,951.03,44.8,12.63,1,92732.4,0.9932,1.0,1008.65
82,977.18,29.99,10.9,1,144236.7,0.9994,1.0,1018.2
83,934.01,42.71,10.26,2,65669.57,0.9983,1.0,987.11
84,939.05,34.12,15.98,1,102855.47,0.9977,1.0,989.29
85,981.83,32.49,0.0,1,55648.53,0.0,1.0,1014.43
86,958.84,33.17,13.08,1,153033.64,0.5979,1.0,1005.25
87,970.53,51.19,11.38,1,123117.76,0.9988,1.0,1033.27
88,946.59,45.31,38.22,1,150907.64,0.9989,1.0,1030.3
89,1002.94,42.3,12.28,1,153628.17,0.5207,0.9,1057.67
90,980.11,32.03,0.0,1,77066.09,0.0,1.0,1012.22
91,967.47,34.19,0.0,1,272204.12,0.0,1.0,1001.74
92,944.13,31.56,13.5,1,106996.51,0.9909,1.0,989.42
93,969.06,34.86,10.38,1,189854.56,0.8834,1.0,1014.45
94,931.36,34.13,11.05,1,182113.05,0.9981,1.0,976.67
95,957.11,28.79,12.26,1,139113.8,0.9958,1.0,998.31
96,941.87,28.95,13.73,1,61426.74,0.9988,1.0,984.65
97,934.25,30.06,9.59,1,85192.39,0.9988,1.0,974.03
98,914.39,32.42,9.2,1,125746.38,0.4457,1.0,956.14
99,900.42,31.56,11.45,1,169573.09,0.975,1.1,943.76
100,943.09,18.92,0.0,1,46016.43,0.0,1.0,962.1
101,901.61,34.74,13.46,1,141226.91,0.9963,1.1,949.93
102,960.84,32.83,14.92,1,91939.41,0.9995,1.0,1008.73
103,910.78,43.87,11.45,1,220363.59,0.9992,1.0,966.22
104,967.25,35.2,0.0,1,178027.89,0.0,1.0,1002.53
105,934.87,18.92,0.0,1,48530.75,0.0,1.0,953.84
106,932.93,19.17,0.0,1,93042.84,0.0,1.1,952.17
107,919.2,31.24,10.57,1,90478.91,0.8988,1.0,961.14
108,947.71,31.11,14.66,1,83717.04,0.9716,1.0,993.67
109,941.38,30.59,13.23,1,234652.59,0.9839,1.0,985.32
110,923.95,32.76,9.46,1,110394.2,0.9993,1.0,966.29
111,921.32,40.16,0.0,1,54179.73,0.0,1.0,961.56
112,907.61,29.96,8.61,1,255342.16,0.3567,1.1,946.36
113,926.26,42.97,9.94,1,97132.66,0.9971,1.0,979.34
114,937.12,42.72,10.37,1,96920.05,0.4518,1.0,990.32
115,937.17,31.19,11.03,1,257719.36,0.9846,1.0,979.54
116,898.21,28.95,11.41,1,104087.6,0.5635,1.1,938.67
117,931.88,30.1,10.19,1,131984.5,0.9988,1.0,972.3
118,914.16,32.25,12.62,1,116711.27,0.887,1.0,959.17
119,928.18,17.69,0.0,1,210002.02,0.0,1.1,945.96
120,929.43,34.47,18.49,1,162271.42,0.9815,1.0,982.55
121,958.14,18.46,0.0,1,190562.83,0.0,1.0,976.68
122,934.1,42.2,0.0,1,27877.32,0.0,1.0,976.38
123,910.2,43.92,10.21,1,92947.12,0.3449,1.0,964.46
124,897.78,30.28,9.82,1,28872.95,0.6544,1.1,937.98
125,924.36,40.48,0.0,1,44337.29,0.0,1.0,964.94
126,931.93,30.65,10.7,1,117458.94,0.9918,1.0,973.39
127,929.33,32.01,9.89,1,192820.36,0.9981,1.0,971.33
128,1163.76,44.21,10.63,1,69752.75,0.3663,0.8,1218.76
129,1143.44,89.6,35.18,1,71942.99,0.4432,0.8,1268.4
130,3342.57,84.25,30.4,1,121134.84,0.9983,0.3,3458.65
131,2609.35,72.01,26.61,1,181000.12,0.9989,0.4,2708.15
132,3203.64,77.98,33.72,1,155396.69,0.4828,0.3,3315.52
133,2784.8,70.18,26.01,1,66274.63,0.9987,0.3,2881.18
134,2682.06,75.45,24.12,1,200481.86,0.9983,0.4,2781.81
135,1909.56,35.94,15.78,1,112640.86,0.9899,0.5,1961.46
136,1228.07,33.81,12.15,1,98437.09,0.9843,0.8,1274.37
137,2243.97,64.7,22.51,1,143966.0,0.9978,0.4,2331.35
138,2284.27,98.28,21.48,1,96343.12,0.7269,0.4,2404.2
139,1343.03,50.27,13.37,1,116955.8,0.4342,0.7,1406.88
140,965.14,42.88,0.0,1,127614.38,0.0,1.0,1008.13
141,917.05,33.0,13.35,1,104867.35,0.6524,1.0,963.52
142,981.7,33.47,14.35,1,170748.5,0.7468,1.0,1029.66
143,943.38,30.18,9.67,1,97936.48,0.9992,1.0,983.36
144,957.23,30.92,11.04,2,114690.86,0.6313,1.0,999.44
145,918.17,19.52,0.0,1,41441.62,0.0,1.1,937.84
146,957.04,33.84,12.33,1,95036.27,0.4692,1.0,1003.42
147,932.56,31.93,0.0,1,51398.59,0.0,1.0,964.57
148,942.94,44.35,11.61,1,105084.61,0.9993,1.0,999.06
149,967.25,32.17,10.26,1,135735.98,0.9991,1.0,1009.8
150,932.29,31.61,10.87,1,114700.73,0.9949,1.0,974.94
151,929.73,32.2,10.04,1,153705.31,0.9882,1.0,972.19
152,943.87,24.8,0.0,1,75920.97,0.0,1.0,968.87
153,1117.49,36.69,23.92,1,88200.09,0.936,0.8,1178.32
154,1383.51,34.53,22.54,1,163735.62,0.6388,0.7,1440.73
155,1006.67,34.14,14.11,1,127162.11,0.9961,0.9,1055.03
156,949.64,32.84,14.13,1,193485.22,0.9981,1.0,996.75
157,944.45,41.75,12.93,1,228160.22,0.9945,1.0,999.32
158,918.77,29.54,10.79,1,161392.42,0.9962,1.0,959.2
159,949.0,32.66,10.97,1,75849.39,0.9977,1.0,992.85
160,905.7,30.32,11.03,2,155678.89,0.9991,1.1,947.15
161,1015.67,29.05,9.96,1,100659.88,0.4906,0.9,1054.83
162,928.88,44.25,18.1,1,146542.92,0.9951,1.0,991.35
163,1019.28,35.31,13.96,1,84795.49,0.9952,0.9,1068.75
164,1120.39,24.29,0.0,1,45362.64,0.0,0.9,1144.76
165,1108.89,36.83,12.1,2,68932.79,0.9893,0.9,1158.01
166,1024.49,46.78,15.9,1,146620.39,0.3244,0.9,1087.32
167,1147.92,41.12,16.73,1,211809.73,0.9987,0.8,1205.94
168,1216.48,22.66,0.0,1,65471.77,0.0,0.8,1239.27
169,1000.59,32.64,27.47,2,168060.27,0.9969,0.9,1060.84
170,1010.53,49.47,12.54,1,81418.38,0.7403,0.9,1072.77
171,995.29,43.51,11.87,1,66412.5,0.9769,1.0,1050.79
172,1163.48,33.36,15.19,1,119060.89,0.9972,0.8,1212.19
173,968.36,28.89,12.85,1,204910.42,0.9971,1.0,1010.28
174,927.97,33.96,11.72,1,170436.58,0.9917,1.0,973.8
175,925.66,19.15,0.0,1,43474.55,0.0,1.1,944.9
176,920.7,31.01,0.0,1,108068.02,0.0,1.1,951.83
177,1042.38,52.85,11.4,1,113365.28,0.9979,0.9,1106.76
178,1096.58,42.16,10.09,1,124499.86,0.4196,0.9,1149.01
179,1025.56,23.56,0.0,1,24815.29,0.0,1.0,1049.34
180,976.35,30.69,12.33,1,67691.45,0.9994,1.0,1019.55
181,1128.09,35.17,18.66,1,145153.25,0.9995,0.8,1182.09
182,1334.38,41.84,16.23,1,109255.07,0.9989,0.7,1392.62
183,1294.46,35.61,13.07,1,145574.77,0.998,0.7,1343.27
184,1262.46,39.58,15.37,1,165985.94,0.669,0.8,1317.61
185,983.5,43.95,16.18,1,99833.61,0.9984,1.0,1044.03
186,1073.56,39.03,14.63,1,135249.36,0.6316,0.9,1127.44
187,968.31,39.67,12.74,1,201199.34,0.9949,1.0,1020.9
188,984.44,43.6,9.52,1,137078.23,0.9906,1.0,1037.69
189,1095.9,43.33,11.76,1,88302.6,0.9992,0.9,1151.17
190,1010.89,47.89,11.01,1,125466.38,0.9984,0.9,1069.9
191,933.83,18.34,0.0,1,45958.82,0.0,1.1,952.35
192,920.89,31.89,12.04,1,40602.66,0.9284,1.0,964.99
193,958.37,29.04,13.37,1,134196.88,0.9919,1.0,1000.95
194,943.77,17.83,0.0,1,94255.8,0.0,1.0,961.67
195,927.79,34.54,10.67,1,215008.02,0.4015,1.0,973.1
196,952.47,34.22,11.71,1,108685.37,0.9856,1.0,998.53
197,925.52,29.49,13.08,1,77267.79,0.9958,1.0,968.21
198,949.2,21.39,0.0,1,57917.47,0.0,1.0,970.69
199,997.7,43.41,10.55,1,157922.14,0.6511,1.0,1051.85
200,1050.43,40.6,0.0,1,118203.42,0.0,0.9,1091.28
201,1005.33,30.39,11.61,1,116377.22,0.9962,1.0,1047.44
202,929.38,20.24,0.0,1,77170.69,0.0,1.1,949.71
203,1043.02,39.45,11.68,1,199275.8,0.9871,0.9,1094.34
204,990.44,41.9,10.45,1,141929.42,0.9992,1.0,1042.91
205,943.4,43.57,11.46,1,131358.66,0.9985,1.0,998.59
206,939.6,49.81,27.0,1,144797.27,0.5554,1.0,1016.56
207,949.1,31.23,12.91,1,217422.22,0.5609,1.0,993.42
208,959.81,28.52,12.06,1,81825.02,0.9992,1.0,1000.5
209,1077.22,30.58,17.16,1,125030.1,0.998,0.9,1125.1
210,1061.27,50.08,10.66,1,74060.04,0.9986,0.9,1122.16
211,1082.69,32.55,10.9,1,153677.06,0.9354,0.9,1126.33
212,1148.36,33.89,10.45,1,65137.06,0.8752,0.8,1192.83
213,987.49,46.37,11.76,1,130452.98,0.9535,1.0,1045.81
214,963.56,32.19,11.21,1,127504.83,0.998,1.0,1007.07
215,1013.3,30.38,11.39,1,155704.98,0.6786,0.9,1055.22
216,2607.92,102.19,26.33,1,123883.41,0.9766,0.4,2736.64
217,2528.0,70.59,25.68,1,252505.55,0.801,0.4,2624.43
218,2595.75,69.23,24.04,1,133755.81,0.6995,0.4,2689.21
219,3016.9,74.49,30.94,1,171954.2,0.9978,0.3,3122.54
220,3035.43,99.75,0.01,1,46814.45,0.0,0.3,3135.3
221,2747.4,81.12,23.51,1,143781.31,0.4562,0.4,2852.2
222,2540.52,40.1,0.0,1,66716.54,0.0,0.4,2580.74
223,2599.87,100.51,24.38,1,70795.23,0.9846,0.4,2724.92
224,2602.12,98.61,24.06,3,105719.79,0.9701,0.4,2724.96
225,2608.2,70.54,23.67,1,181080.22,0.8012,0.4,2702.58
226,2690.83,73.02,24.88,2,112139.16,0.9502,0.4,2788.93
227,2741.48,69.67,23.85,1,119710.51,0.9993,0.4,2835.19
228,2500.68,99.36,24.42,1,103661.17,0.9464,0.4,2624.65
229,2582.72,70.2,23.41,1,125690.62,0.9992,0.4,2676.52
230,2558.58,69.35,24.6,1,218762.81,0.9931,0.4,2652.71
231,2732.87,71.22,24.42,1,197913.09,0.9703,0.4,2828.73
232,2524.38,99.73,24.02,1,107165.52,0.9995,0.4,2648.32
233,2701.31,70.35,26.43,1,186751.09,0.7421,0.4,2798.27
234,2542.29,105.35,24.78,1,86491.7,0.9945,0.4,2672.59
235,2828.6,103.49,23.3,1,132281.28,0.9977,0.3,2955.54
236,1391.77,44.61,16.8,1,295540.16,0.9964,0.7,1453.39
237,1336.23,38.93,13.56,1,220784.36,0.9985,0.7,1388.9
238,2781.59,97.72,23.29,1,75919.64,0.3685,0.3,2902.79
239,2325.08,94.07,24.34,1,116064.84,0.9817,0.4,2443.67
240,2239.54,66.37,23.47,1,220944.45,0.7646,0.4,2329.55
241,2728.28,65.27,22.35,1,142978.67,0.9954,0.4,2816.08
242,2367.97,92.89,21.17,1,125017.7,0.3742,0.4,2482.22
243,2191.94,67.28,22.98,1,216072.72,0.5538,0.4,2282.43
244,2650.36,71.03,25.23,1,72820.16,0.9992,0.4,2746.81
245,2236.51,69.08,21.37,1,168275.95,0.9986,0.4,2327.17
246,2457.2,67.35,27.45,1,84997.32,0.9991,0.4,2552.23
247,2551.48,68.43,42.81,1,170193.55,0.476,0.4,2662.89
248,2495.3,65.92,21.09,1,120006.05,0.998,0.4,2582.47
249,2407.54,95.11,28.4,1,133570.27,0.9985,0.4,2531.26
250,2331.19,65.4,23.15,1,218166.92,0.9963,0.4,2419.92
251,2220.41,70.25,25.8,1,139616.48,0.979,0.4,2316.62
252,2417.26,68.32,22.93,1,156703.98,0.9983,0.4,2508.68
253,2293.96,67.72,21.77,2,138136.31,0.9949,0.4,2383.62
254,2274.63,99.28,26.16,1,119700.45,0.9989,0.4,2400.24
255,2224.48,94.38,24.95,1,144929.75,0.4396,0.4,2343.99
256,2331.81,93.74,20.61,1,112449.33,0.548,0.4,2446.33
257,2209.28,66.4,21.12,1,158104.44,0.9845,0.4,2296.96
258,2237.69,65.57,21.97,1,165142.08,0.9991,0.4,2325.39
259,2193.86,66.73,21.98,1,115130.88,0.9679,0.4,2282.74
260,2228.73,94.52,21.68,1,63759.23,0.9987,0.4,2345.1
261,2419.27,102.13,22.16,1,125891.37,0.9991,0.4,2543.73
262,2627.93,74.16,30.97,1,226076.17,0.9349,0.4,2733.33
263,2014.13,43.42,18.6,1,148555.88,0.9667,0.5,2076.36
264,1214.69,49.75,13.32,1,115931.16,0.997,0.8,1277.9
265,1053.61,46.46,12.33,1,176431.44,0.986,0.9,1112.59
266,985.69,20.8,0.0,1,263257.78,0.0,1.0,1006.63
267,1018.83,21.36,0.0,1,90667.87,0.0,1.0,1040.29
268,994.24,40.49,42.82,2,155499.77,0.9982,0.9,1077.79
269,996.83,21.46,0.0,1,41704.83,0.0,1.0,1018.39
270,963.96,31.4,11.2,1,153090.77,0.6839,1.0,1006.75
271,971.05,46.39,12.51,1,78830.19,0.9936,1.0,1030.13
272,973.95,37.07,11.42,1,35241.12,0.8477,1.0,1022.59
273,1677.12,68.16,21.9,2,85902.82,0.8961,0.6,1767.35
274,2529.54,65.96,21.03,1,90205.94,0.9992,0.4,2616.69
275,2216.2,68.39,22.5,1,115758.6,0.9946,0.4,2307.27
276,2196.74,65.82,21.8,1,145009.42,0.999,0.4,2284.52
277,2585.9,65.79,24.86,1,136890.44,0.9965,0.4,2676.71
278,2248.56,38.39,0.0,1,70665.43,0.0,0.4,2287.06
279,2596.29,68.59,22.24,1,150921.05,0.9928,0.4,2687.29
280,1923.88,51.75,15.73,1,126913.1,0.5652,0.5,1991.59
281,1092.38,37.37,13.44,1,244975.09,0.3688,0.9,1143.42
282,1039.61,37.14,12.92,1,181608.22,0.9383,0.9,1089.83
283,1035.37,17.62,0.0,1,53266.92,0.0,0.9,1053.08
284,955.32,46.37,15.34,1,64765.86,0.9956,1.0,1017.17
285,976.04,33.84,10.41,1,120714.79,0.9976,1.0,1020.44
286,1042.8,36.54,14.36,1,112593.15,0.9942,0.9,1093.92
287,1196.12,24.12,0.0,1,207472.67,0.0,0.8,1220.36
288,1172.07,51.59,14.01,1,223727.28,0.9673,0.8,1237.81
289,978.43,37.07,12.43,1,82577.01,0.9976,1.0,1028.3
290,1355.18,49.67,32.73,1,202576.98,0.4908,0.7,1438.81
291,1091.05,20.18,0.0,1,204309.06,0.0,0.9,1111.36
292,965.26,32.87,12.73,1,65231.21,0.9987,1.0,1011.02
293,982.68,32.75,11.61,2,89899.98,0.9484,1.0,1027.16
294,1000.67,30.55,8.74,1,135766.61,0.9573,1.0,1040.13
295,916.06,17.08,0.0,1,166875.08,0.0,1.1,933.22
296,1104.02,34.96,13.5,1,117516.16,0.995,0.9,1152.7
297,1116.91,31.85,0.0,1,137197.19,0.0,0.9,1148.95
298,2012.1,23.68,0.0,1,50744.95,0.0,0.5,2035.9
299,1082.18,54.55,13.33,1,136602.44,0.6002,0.9,1150.24
300,1111.61,34.76,11.76,1,74463.6,0.9991,0.9,1158.26
301,1479.54,82.0,24.2,1,167030.64,0.9984,0.6,1585.94
302,1686.05,44.79,11.77,1,174805.0,0.4551,0.6,1742.75
303,982.37,21.4,0.0,1,137754.14,0.0,1.0,1003.92
304,949.36,22.11,0.0,1,43494.27,0.0,1.0,971.56
305,1025.23,19.64,0.0,1,169947.28,0.0,1.0,1044.95
306,968.69,18.87,0.0,1,30711.59,0.0,1.0,987.69
307,1301.56,39.74,15.9,1,87048.21,0.9178,0.7,1357.54
308,3010.97,79.75,26.76,1,113777.49,0.9853,0.3,3117.69
309,2665.1,92.79,28.94,1,80543.37,0.9978,0.4,2787.2
310,2534.49,71.32,25.87,1,248009.09,0.9963,0.4,2631.87
311,2568.2,106.4,0.0,1,108986.02,0.0,0.4,2674.71
312,3072.24,39.04,0.0,1,28522.38,0.0,0.3,3111.41
313,2616.86,72.25,24.78,1,57090.23,0.9753,0.4,2714.08
314,2502.05,39.38,0.0,1,70150.43,0.0,0.4,2541.59
315,2741.08,69.66,25.21,1,182665.02,0.9982,0.4,2836.13
316,2545.89,70.55,23.9,2,130861.09,0.9919,0.4,2640.5
317,2950.42,74.08,26.8,1,129185.38,0.4592,0.3,3051.48
318,2654.24,40.23,0.0,1,61587.33,0.0,0.4,2694.65
319,2609.6,69.99,25.4,1,147888.69,0.9987,0.4,2705.15
320,2571.93,69.99,23.46,1,108139.25,0.9971,0.4,2665.55
321,2739.58,90.02,33.86,1,133787.56,0.9987,0.3,2863.63
322,2620.78,102.68,25.01,1,93457.43,0.4075,0.4,2748.68
323,1502.93,36.72,11.83,1,67680.05,0.9131,0.6,1551.64
324,973.28,34.26,11.55,1,172112.08,0.9816,1.0,1019.28
325,973.69,33.08,14.52,2,101932.39,0.9991,1.0,1021.4
326,1995.72,31.49,11.92,1,71670.94,0.9452,0.5,2039.3
327,918.46,34.15,12.43,1,55033.16,0.3303,1.0,965.18
328,917.01,29.9,11.13,1,151945.14,0.9982,1.0,958.14
329,913.1,16.67,0.0,2,76045.05,0.0,1.1,929.87
330,925.97,30.32,10.25,2,86458.02,0.996,1.0,966.68
331,897.45,30.67,9.63,1,87200.02,0.9879,1.1,937.89
332,931.77,31.61,11.54,1,163848.84,0.9985,1.0,975.06
333,961.2,42.81,33.83,1,170195.17,0.992,1.0,1038.0
334,1076.06,33.79,14.58,1,84277.44,0.8844,0.9,1124.64
335,1034.25,23.02,0.0,1,116739.63,0.0,0.9,1057.37
336,1010.18,34.23,12.21,1,95234.23,0.6611,0.9,1056.8
337,1078.11,45.07,10.88,1,170011.02,0.9949,0.9,1134.36
338,1053.39,34.1,14.05,1,136516.05,0.9995,0.9,1101.66
339,1193.69,58.61,16.54,2,114521.02,0.999,0.8,1268.95
340,987.07,37.56,16.43,1,131362.41,0.9992,1.0,1041.2
341,976.29,33.54,12.53,1,128187.46,0.9986,1.0,1022.57
342,941.28,29.91,12.38,1,56361.6,0.9325,1.0,983.72
343,897.85,32.55,10.12,1,80636.23,0.9984,1.1,940.62
344,911.52,43.2,18.11,1,148525.89,0.9966,1.0,972.99
345,910.63,31.13,8.46,1,151743.81,0.9897,1.1,950.4
346,907.69,31.2,9.38,1,147487.8,0.9969,1.1,948.41
347,952.39,31.75,10.64,1,120316.97,0.9986,1.0,994.93
348,925.59,30.65,12.08,1,141472.62,0.9983,1.0,968.49
349,909.24,31.24,14.73,1,112189.76,0.9992,1.0,955.35
350,974.51,34.95,12.21,1,116572.5,0.9992,1.0,1021.87
351,963.39,34.11,23.9,1,38942.33,0.7009,1.0,1021.56
352,1111.85,32.3,11.45,1,67531.61,0.9981,0.9,1155.76
353,944.19,20.63,0.0,1,32028.61,0.0,1.0,964.93
354,922.47,30.14,13.29,1,107020.56,0.999,1.0,966.03
355,951.1,46.28,14.57,1,146328.78,0.4904,1.0,1012.09
356,916.46,31.24,12.27,1,62784.28,0.9958,1.0,960.09
357,944.47,32.21,12.94,1,122959.33,0.9966,1.0,989.76
358,925.48,29.04,10.75,1,57614.21,0.7955,1.0,965.39
359,919.14,29.85,16.56,1,139666.28,0.997,1.0,965.65
360,932.69,30.55,10.78,1,105872.51,0.9988,1.0,974.14
361,939.42,31.65,10.29,1,196076.67,0.9983,1.0,981.48
362,940.11,31.51,10.83,1,138854.38,0.9963,1.0,982.6
363,927.02,37.73,23.68,1,109014.77,0.9966,1.0,988.56
364,1028.39,19.56,0.0,1,236704.05,0.0,1.0,1048.06
365,2362.29,80.4,27.6,1,105543.27,0.9861,0.4,2470.45
366,3170.11,118.59,29.37,1,102062.17,0.997,0.3,3318.27
367,3259.43,78.12,27.0,1,87412.77,0.9969,0.3,3364.73
368,3537.29,77.63,29.05,1,115320.67,0.3371,0.3,3644.44
369,3130.68,111.61,28.74,1,82913.84,0.9843,0.3,3271.22
370,3084.56,78.48,28.2,1,174843.02,0.9387,0.3,3191.67
371,3141.43,81.94,0.0,1,77581.7,0.0,0.3,3223.51
372,3068.82,43.2,0.0,1,101569.34,0.0,0.3,3112.16
373,3151.43,43.4,0.0,1,129527.62,0.0,0.3,3194.96
374,3171.11,79.18,31.23,1,96602.43,0.9951,0.3,3281.72
375,3025.14,76.01,30.53,1,103956.71,0.9963,0.3,3131.87
376,3337.89,79.89,29.08,1,73945.7,0.9934,0.3,3447.02
377,3265.27,82.02,29.69,1,42806.77,0.2594,0.3,3377.15
378,2902.02,45.4,0.0,1,119210.98,0.0,0.3,2947.55
379,1214.13,39.2,20.09,1,158239.33,0.9708,0.8,1273.63
380,3039.5,72.1,23.04,1,109882.7,0.8955,0.3,3134.84
381,2322.4,97.2,22.02,1,189695.56,0.6561,0.4,2441.78
382,2277.51,95.13,22.03,1,70089.33,0.9983,0.4,2394.83
383,2595.27,51.91,0.0,1,37639.6,0.0,0.4,2647.35
384,2670.58,67.89,25.6,1,191003.19,0.9983,0.4,2764.24
385,2358.39,69.4,26.02,3,138622.17,0.9961,0.4,2454.08
386,2442.42,78.09,27.87,1,145387.41,0.9982,0.4,2548.57
387,2313.05,94.62,20.77,2,41640.9,0.7236,0.4,2428.63
388,2311.29,66.93,0.0,1,22271.73,0.0,0.4,2378.39
389,2300.76,65.18,23.96,1,107982.66,0.9991,0.4,2390.06
390,2198.09,65.51,20.72,1,141975.53,0.9963,0.4,2284.51
391,2244.65,93.56,21.5,1,68220.55,0.6303,0.4,2359.88
392,2200.17,92.42,20.95,1,88311.02,0.9723,0.4,2313.71
393,2346.72,94.03,21.34,1,230733.08,0.2674,0.4,2462.24
394,2410.1,65.11,24.18,1,79136.88,0.4305,0.4,2499.57
395,2281.94,98.81,23.96,1,49089.26,0.4686,0.4,2404.97
396,2311.56,36.31,0.0,1,13813.34,0.0,0.4,2348.04
397,2252.74,68.49,23.43,1,88698.09,0.9981,0.4,2344.88
398,2242.65,66.69,21.37,1,138092.42,0.9993,0.4,2330.89
399,2378.41,66.04,20.91,3,122607.57,0.9986,0.4,2465.54
400,2342.51,65.97,20.68,1,194770.05,0.9976,0.4,2429.36
401,2392.42,67.63,21.61,1,133096.77,0.9967,0.4,2481.83
402,2335.2,94.3,23.01,1,128678.25,0.5181,0.4,2452.67
403,2469.73,75.53,22.02,1,183413.69,0.9995,0.4,2567.5
404,2448.56,67.73,23.64,1,157262.61,0.9984,0.4,2540.1
405,2790.42,68.85,22.0,2,146883.55,0.8738,0.3,2881.44
406,2277.96,38.13,0.0,1,47841.12,0.0,0.4,2316.2
407,2225.12,67.34,21.6,1,163832.91,0.8003,0.4,2314.21
408,2577.08,97.08,23.24,1,146548.78,0.9972,0.4,2697.56
409,2384.38,94.54,22.08,1,99853.96,0.996,0.4,2501.19
410,2294.11,37.37,0.0,1,112169.47,0.0,0.4,2331.59
411,2216.88,37.23,0.0,1,99679.39,0.0,0.4,2254.22
412,2248.62,65.51,22.39,1,233588.52,0.4317,0.4,2336.7
413,2248.52,93.12,21.24,1,109113.6,0.9993,0.4,2363.03
414,2247.58,95.93,21.41,1,131389.53,0.305,0.4,2365.07
415,2236.99,65.01,21.65,1,184913.47,0.9971,0.4,2323.82
416,2268.96,66.66,22.41,1,117736.74,0.9893,0.4,2358.19
417,2241.47,65.85,21.0,1,84599.44,0.994,0.4,2328.5
418,2240.9,36.56,0.0,1,195537.89,0.0,0.4,2277.61
419,2236.58,65.01,22.0,1,50359.27,0.9982,0.4,2323.77
420,2202.45,93.31,23.58,1,63756.02,0.9601,0.4,2319.53
421,2300.67,65.59,0.0,1,55858.68,0.0,0.4,2366.39
422,2242.08,67.74,22.94,1,260567.56,0.9989,0.4,2332.93
423,2263.35,66.81,21.27,1,72279.31,0.9976,0.4,2351.6
424,2221.87,64.71,0.0,1,71969.5,0.0,0.4,2286.69
425,2345.83,36.7,0.0,1,110799.98,0.0,0.4,2382.64
426,2231.67,65.47,21.37,1,237486.12,0.9925,0.4,2318.7
427,2369.5,68.82,25.19,1,166731.2,0.9981,0.4,2463.66
428,2411.38,67.54,26.1,1,122168.78,0.9986,0.4,2505.19
429,2235.3,92.67,26.24,1,125779.24,0.9739,0.4,2354.41
430,2505.7,70.02,22.16,1,50003.67,0.6432,0.4,2598.08
431,2370.09,67.41,22.52,1,137841.27,0.7112,0.4,2460.19
432,2211.19,93.7,21.54,1,104079.84,0.9809,0.4,2326.61
433,2400.28,65.32,21.57,1,185576.89,0.9975,0.4,2487.37
434,3247.32,68.39,23.55,1,166933.09,0.9986,0.3,3339.44
435,1945.53,63.35,15.5,1,149686.92,0.9991,0.5,2024.54
436,1139.68,21.78,0.0,1,52762.34,0.0,0.9,1161.61
437,2060.67,51.1,12.35,1,164665.48,0.9987,0.5,2124.34
438,1738.76,71.03,23.95,1,245523.8,0.9984,0.5,1833.93
439,2786.21,69.7,23.66,1,108643.11,0.9996,0.3,2879.73
440,2910.62,74.97,25.59,1,130467.69,0.9924,0.3,3011.39
441,2816.77,73.94,24.96,1,68134.59,0.9974,0.3,2915.92
442,2672.03,68.09,23.3,1,87569.1,0.4059,0.4,2763.6
443,2561.57,78.3,26.04,1,230134.58,0.9986,0.4,2666.09
444,2703.26,68.73,23.53,1,140893.94,0.9949,0.4,2795.69
445,2532.63,40.71,0.0,1,43100.89,0.0,0.4,2573.48
446,2592.58,68.84,25.71,1,162321.55,0.9989,0.4,2687.3
447,2490.81,99.56,27.48,1,94459.44,0.9991,0.4,2618.02
448,3648.28,89.79,32.31,1,209169.56,0.9966,0.3,3770.6
449,3651.65,86.88,27.22,1,173128.2,0.9829,0.3,3765.93
450,3390.39,77.74,28.02,1,99525.21,0.3151,0.3,3496.38
451,3395.38,80.75,30.1,1,245240.64,0.996,0.3,3506.58
452,4974.1,80.49,0.0,1,84122.81,0.0,0.2,5054.76
453,3176.03,46.63,0.0,1,248756.34,0.0,0.3,3222.8
454,3119.24,133.44,34.05,1,158240.17,0.385,0.3,3288.31
455,1347.83,35.29,14.81,1,212228.53,0.9988,0.7,1398.1
456,3124.92,40.18,0.0,1,43838.36,0.0,0.3,3165.25
457,2751.01,101.02,25.14,1,106482.4,0.4663,0.3,2877.38
458,2908.65,261.37,23.7,1,132541.72,0.4593,0.3,3193.94
459,3167.77,67.95,25.65,1,148347.98,0.9946,0.3,3261.53
460,3006.35,99.51,23.37,2,170784.38,0.9976,0.3,3129.43
461,2753.7,69.4,22.59,1,100511.8,0.9982,0.4,2845.87
462,2900.31,42.71,0.0,1,182567.0,0.0,0.3,2943.2
463,2757.73,38.69,0.0,1,106135.43,0.0,0.4,2796.53
464,2835.17,109.03,23.45,1,87156.43,0.5465,0.3,2967.88
465,2574.9,72.22,23.64,3,103368.96,0.9881,0.4,2670.92
466,2521.28,73.19,23.77,1,86829.65,0.9983,0.4,2618.42
467,2631.43,71.39,32.69,1,66237.05,0.9985,0.4,2735.75
468,3185.74,107.44,28.84,1,98700.42,0.3448,0.3,3322.25
469,3388.68,115.03,0.0,1,205796.17,0.0,0.3,3503.95
470,3095.38,86.58,47.33,1,106763.6,0.999,0.3,3229.65
471,3385.51,71.93,25.92,1,118350.83,0.9985,0.3,3483.56
472,3554.21,102.04,27.9,1,172446.62,0.5863,0.3,3684.4
473,2864.66,74.53,26.25,1,212694.42,0.3549,0.3,2965.66
474,2983.09,72.22,25.38,1,227559.22,0.9982,0.3,3080.95
475,3163.24,103.87,27.12,1,131086.45,0.8503,0.3,3294.43
476,2835.8,70.78,24.53,1,124760.07,0.998,0.3,2931.29
477,2685.64,68.48,23.47,1,192509.58,0.9966,0.4,2777.75
478,2572.47,71.47,23.5,1,118587.54,0.9693,0.4,2667.61
479,2679.25,98.07,23.67,1,84570.98,0.9992,0.4,2801.15
480,2575.32,77.32,25.27,1,140772.33,0.605,0.4,2678.12
481,2266.94,49.76,25.54,1,176643.84,0.9976,0.4,2342.4
482,2327.12,91.4,31.92,1,234977.06,0.9981,0.4,2450.69
483,3110.41,79.84,27.57,1,222625.75,0.9933,0.3,3218.15
484,3712.58,78.96,28.36,1,100578.38,0.9979,0.3,3820.09
485,3328.21,77.78,31.04,1,102266.79,0.9991,0.3,3437.43
486,3072.54,74.49,26.2,1,100978.1,0.9977,0.3,3173.44
487,2968.56,76.85,31.68,1,170564.39,0.9986,0.3,3077.27
488,4451.66,79.19,29.96,1,164107.17,0.9988,0.2,4561.18
489,3385.45,78.24,33.02,1,231276.62,0.9979,0.3,3497.1
490,3082.39,114.39,33.76,1,111887.57,0.9969,0.3,3230.76
491,4107.85,81.46,28.63,1,229965.91,0.9899,0.2,4218.2
492,3610.93,79.52,29.21,1,54460.12,0.6044,0.3,3719.89
493,2811.69,70.81,24.66,1,163019.02,0.9994,0.3,2907.34
494,2884.29,72.41,25.96,1,111059.19,0.5786,0.3,2982.85
495,2849.25,80.03,27.95,1,206154.2,0.9173,0.3,2957.45
496,2843.8,98.45,26.07,1,91971.06,0.9979,0.3,2968.58
497,2708.26,69.39,25.85,1,190644.67,0.821,0.4,2803.69
498,2594.59,102.52,27.58,1,118941.39,0.9952,0.4,2724.86
499,2970.3,70.46,23.06,1,161677.25,0.9987,0.3,3064.01
