7.252835631370544434e-01,8.164510726928710938e-01,8.852279620441549923e-08,7.547726631164550781e-01,7.367398738861083984e-01,2.466132491827011108e-02,7.479132413864135742e-01,6.667215228080749512e-01,2.871301770210266113e-02,7.173903584480285645e-01,6.202310323715209961e-01,2.766160480678081512e-02,6.867682933807373047e-01,6.061713099479675293e-01,3.015201911330223083e-02,7.509244680404663086e-01,6.205348968505859375e-01,-6.958227022551000118e-04,7.106660008430480957e-01,5.373919010162353516e-01,-2.754079177975654602e-03,6.994213461875915527e-01,5.612633228302001953e-01,5.802838131785392761e-03,7.050191164016723633e-01,5.944395661354064941e-01,1.495337020605802536e-02,7.157174348831176758e-01,6.309510469436645508e-01,-1.451676618307828903e-02,6.655930876731872559e-01,5.374513864517211914e-01,-2.813766337931156158e-02,6.344415545463562012e-01,4.834172129631042480e-01,-3.363758325576782227e-02,6.150608658790588379e-01,4.432970881462097168e-01,-3.584190458059310913e-02,6.787035465240478516e-01,6.557501554489135742e-01,-2.256801351904869080e-02,6.432287693023681641e-01,6.296682953834533691e-01,-2.268850244581699371e-02,6.546501517295837402e-01,6.570546627044677734e-01,-1.110321562737226486e-02,6.699561476707458496e-01,6.769637465476989746e-01,-1.405504881404340267e-03,6.462988853454589844e-01,6.878683567047119141e-01,-2.840733155608177185e-02,6.300116181373596191e-01,6.691890954971313477e-01,-1.613565720617771149e-02,6.418274044990539551e-01,6.955128312110900879e-01,2.394258277490735054e-03,6.554244160652160645e-01,7.158762216567993164e-01,1.661808602511882782e-02,-1.000000000000000000e+00,-1.000000000000000000e+00,-1.000000000000000000e+00,-1.000000000000000000e+00,-1.000000000000000000e+00,-1.000000000000000000e+00,-1.000000000000000000e+00,-1.000000000000000000e+00,-1.000000000000000000e+00,-1.000000000000000000e+00,-1.000000000000000000e+00,-1.000000000000000000e+00,-1.000000000000000000e+00,-1.000000000000000000e+00,-1.000000000000000000e+00,-1.000000000000000000e+00,-1.000000000000000000e+00,-1.000000000000000000e+00,-1.000000000000000000e+00,-1.000000000000000000e+00,-1.000000000000000000e+00,-1.000000000000000000e+00,-1.000000000000000000e+00,-1.000000000000000000e+00,-1.000000000000000000e+00,-1.000000000000000000e+00,-1.000000000000000000e+00,-1.000000000000000000e+00,-1.000000000000000000e+00,-1.000000000000000000e+00,-1.000000000000000000e+00,-1.000000000000000000e+00,-1.000000000000000000e+00,-1.000000000000000000e+00,-1.000000000000000000e+00,-1.000000000000000000e+00,-1.000000000000000000e+00,-1.000000000000000000e+00,-1.000000000000000000e+00,-1.000000000000000000e+00,-1.000000000000000000e+00,-1.000000000000000000e+00,-1.000000000000000000e+00,-1.000000000000000000e+00,-1.000000000000000000e+00,-1.000000000000000000e+00,-1.000000000000000000e+00,-1.000000000000000000e+00,-1.000000000000000000e+00,-1.000000000000000000e+00,-1.000000000000000000e+00,-1.000000000000000000e+00,-1.000000000000000000e+00,-1.000000000000000000e+00,-1.000000000000000000e+00,-1.000000000000000000e+00,-1.000000000000000000e+00,-1.000000000000000000e+00,-1.000000000000000000e+00,-1.000000000000000000e+00,-1.000000000000000000e+00,-1.000000000000000000e+00,-1.000000000000000000e+00
7.252835631370544434e-01,8.164510726928710938e-01,8.852279620441549923e-08,7.547726631164550781e-01,7.367398738861083984e-01,2.466132491827011108e-02,7.479132413864135742e-01,6.667215228080749512e-01,2.871301770210266113e-02,7.173903584480285645e-01,6.202310323715209961e-01,2.766160480678081512e-02,6.867682933807373047e-01,6.061713099479675293e-01,3.015201911330223083e-02,7.509244680404663086e-01,6.205348968505859375e-01,-6.958227022551000118e-04,7.106660008430480957e-01,5.373919010162353516e-01,-2.754079177975654602e-03,6.994213461875915527e-01,5.612633228302001953e-01,5.802838131785392761e-03,7.050191164016723633e-01,5.944395661354064941e-01,1.495337020605802536e-02,7.157174348831176758e-01,6.309510469436645508e-01,-1.451676618307828903e-02,6.655930876731872559e-01,5.374513864517211914e-01,-2.813766337931156158e-02,6.344415545463562012e-01,4.834172129631042480e-01,-3.363758325576782227e-02,6.150608658790588379e-01,4.432970881462097168e-01,-3.584190458059310913e-02,6.787035465240478516e-01,6.557501554489135742e-01,-2.256801351904869080e-02,6.432287693023681641e-01,6.296682953834533691e-01,-2.268850244581699371e-02,6.546501517295837402e-01,6.570546627044677734e-01,-1.110321562737226486e-02,6.699561476707458496e-01,6.769637465476989746e-01,-1.405504881404340267e-03,6.462988853454589844e-01,6.878683567047119141e-01,-2.840733155608177185e-02,6.300116181373596191e-01,6.691890954971313477e-01,-1.613565720617771149e-02,6.418274044990539551e-01,6.955128312110900879e-01,2.394258277490735054e-03,6.554244160652160645e-01,7.158762216567993164e-01,1.661808602511882782e-02,-1.000000000000000000e+00,-1.000000000000000000e+00,-1.000000000000000000e+00,-1.000000000000000000e+00,-1.000000000000000000e+00,-1.000000000000000000e+00,-1.000000000000000000e+00,-1.000000000000000000e+00,-1.000000000000000000e+00,-1.000000000000000000e+00,-1.000000000000000000e+00,-1.000000000000000000e+00,-1.000000000000000000e+00,-1.000000000000000000e+00,-1.000000000000000000e+00,-1.000000000000000000e+00,-1.000000000000000000e+00,-1.000000000000000000e+00,-1.000000000000000000e+00,-1.000000000000000000e+00,-1.000000000000000000e+00,-1.000000000000000000e+00,-1.000000000000000000e+00,-1.000000000000000000e+00,-1.000000000000000000e+00,-1.000000000000000000e+00,-1.000000000000000000e+00,-1.000000000000000000e+00,-1.000000000000000000e+00,-1.000000000000000000e+00,-1.000000000000000000e+00,-1.000000000000000000e+00,-1.000000000000000000e+00,-1.000000000000000000e+00,-1.000000000000000000e+00,-1.000000000000000000e+00,-1.000000000000000000e+00,-1.000000000000000000e+00,-1.000000000000000000e+00,-1.000000000000000000e+00,-1.000000000000000000e+00,-1.000000000000000000e+00,-1.000000000000000000e+00,-1.000000000000000000e+00,-1.000000000000000000e+00,-1.000000000000000000e+00,-1.000000000000000000e+00,-1.000000000000000000e+00,-1.000000000000000000e+00,-1.000000000000000000e+00,-1.000000000000000000e+00,-1.000000000000000000e+00,-1.000000000000000000e+00,-1.000000000000000000e+00,-1.000000000000000000e+00,-1.000000000000000000e+00,-1.000000000000000000e+00,-1.000000000000000000e+00,-1.000000000000000000e+00,-1.000000000000000000e+00,-1.000000000000000000e+00,-1.000000000000000000e+00,-1.000000000000000000e+00
7.252835631370544434e-01,8.164510726928710938e-01,8.852279620441549923e-08,7.547726631164550781e-01,7.367398738861083984e-01,2.466132491827011108e-02,7.479132413864135742e-01,6.667215228080749512e-01,2.871301770210266113e-02,7.173903584480285645e-01,6.202310323715209961e-01,2.766160480678081512e-02,6.867682933807373047e-01,6.061713099479675293e-01,3.015201911330223083e-02,7.509244680404663086e-01,6.205348968505859375e-01,-6.958227022551000118e-04,7.106660008430480957e-01,5.373919010162353516e-01,-2.754079177975654602e-03,6.994213461875915527e-01,5.612633228302001953e-01,5.802838131785392761e-03,7.050191164016723633e-01,5.944395661354064941e-01,1.495337020605802536e-02,7.157174348831176758e-01,6.309510469436645508e-01,-1.451676618307828903e-02,6.655930876731872559e-01,5.374513864517211914e-01,-2.813766337931156158e-02,6.344415545463562012e-01,4.834172129631042480e-01,-3.363758325576782227e-02,6.150608658790588379e-01,4.432970881462097168e-01,-3.584190458059310913e-02,6.787035465240478516e-01,6.557501554489135742e-01,-2.256801351904869080e-02,6.432287693023681641e-01,6.296682953834533691e-01,-2.268850244581699371e-02,6.546501517295837402e-01,6.570546627044677734e-01,-1.110321562737226486e-02,6.699561476707458496e-01,6.769637465476989746e-01,-1.405504881404340267e-03,6.462988853454589844e-01,6.878683567047119141e-01,-2.840733155608177185e-02,6.300116181373596191e-01,6.691890954971313477e-01,-1.613565720617771149e-02,6.418274044990539551e-01,6.955128312110900879e-01,2.394258277490735054e-03,6.554244160652160645e-01,7.158762216567993164e-01,1.661808602511882782e-02,-1.000000000000000000e+00,-1.000000000000000000e+00,-1.000000000000000000e+00,-1.000000000000000000e+00,-1.000000000000000000e+00,-1.000000000000000000e+00,-1.000000000000000000e+00,-1.000000000000000000e+00,-1.000000000000000000e+00,-1.000000000000000000e+00,-1.000000000000000000e+00,-1.000000000000000000e+00,-1.000000000000000000e+00,-1.000000000000000000e+00,-1.000000000000000000e+00,-1.000000000000000000e+00,-1.000000000000000000e+00,-1.000000000000000000e+00,-1.000000000000000000e+00,-1.000000000000000000e+00,-1.000000000000000000e+00,-1.000000000000000000e+00,-1.000000000000000000e+00,-1.000000000000000000e+00,-1.000000000000000000e+00,-1.000000000000000000e+00,-1.000000000000000000e+00,-1.000000000000000000e+00,-1.000000000000000000e+00,-1.000000000000000000e+00,-1.000000000000000000e+00,-1.000000000000000000e+00,-1.000000000000000000e+00,-1.000000000000000000e+00,-1.000000000000000000e+00,-1.000000000000000000e+00,-1.000000000000000000e+00,-1.000000000000000000e+00,-1.000000000000000000e+00,-1.000000000000000000e+00,-1.000000000000000000e+00,-1.000000000000000000e+00,-1.000000000000000000e+00,-1.000000000000000000e+00,-1.000000000000000000e+00,-1.000000000000000000e+00,-1.000000000000000000e+00,-1.000000000000000000e+00,-1.000000000000000000e+00,-1.000000000000000000e+00,-1.000000000000000000e+00,-1.000000000000000000e+00,-1.000000000000000000e+00,-1.000000000000000000e+00,-1.000000000000000000e+00,-1.000000000000000000e+00,-1.000000000000000000e+00,-1.000000000000000000e+00,-1.000000000000000000e+00,-1.000000000000000000e+00,-1.000000000000000000e+00,-1.000000000000000000e+00,-1.000000000000000000e+00
2.622143328189849854e-01,7.194926738739013672e-01,2.458286019191291416e-07,2.555156648159027100e-01,6.346875429153442383e-01,8.026895113289356232e-03,2.818491458892822266e-01,5.794696211814880371e-01,3.308413550257682800e-03,3.246488273143768311e-01,5.713688135147094727e-01,-4.901817999780178070e-03,3.581477701663970947e-01,5.915725827217102051e-01,-1.091571059077978134e-02,3.097241222858428955e-01,5.223117470741271973e-01,-2.779699396342039108e-03,3.488348424434661865e-01,5.169797539710998535e-01,-1.119994837790727615e-02,3.503588736057281494e-01,5.484178662300109863e-01,-1.695447042584419250e-02,3.425934314727783203e-01,5.646595954895019531e-01,-1.933499053120613098e-02,3.445260226726531982e-01,5.421058535575866699e-01,-1.589012518525123596e-02,3.998768329620361328e-01,4.889306426048278809e-01,-2.093162946403026581e-02,4.329243004322052002e-01,4.501070380210876465e-01,-2.629785239696502686e-02,4.601535797119140625e-01,4.177452325820922852e-01,-3.029934316873550415e-02,3.722791671752929688e-01,5.794435143470764160e-01,-2.714182250201702118e-02,4.007107317447662354e-01,5.863143205642700195e-01,-2.510779723525047302e-02,3.842183649539947510e-01,6.087999939918518066e-01,-1.871246472001075745e-02,3.657358288764953613e-01,6.225072741508483887e-01,-1.394695974886417389e-02,3.914180994033813477e-01,6.284922361373901367e-01,-3.904843330383300781e-02,4.012829065322875977e-01,6.364519000053405762e-01,-2.634356543421745300e-02,3.849547207355499268e-01,6.537514328956604004e-01,-8.881620131433010101e-03,3.708010315895080566e-01,6.636633276939392090e-01,3.448376432061195374e-03,-1.000000000000000000e+00,-1.000000000000000000e+00,-1.000000000000000000e+00,-1.000000000000000000e+00,-1.000000000000000000e+00,-1.000000000000000000e+00,-1.000000000000000000e+00,-1.000000000000000000e+00,-1.000000000000000000e+00,-1.000000000000000000e+00,-1.000000000000000000e+00,-1.000000000000000000e+00,-1.000000000000000000e+00,-1.000000000000000000e+00,-1.000000000000000000e+00,-1.000000000000000000e+00,-1.000000000000000000e+00,-1.000000000000000000e+00,-1.000000000000000000e+00,-1.000000000000000000e+00,-1.000000000000000000e+00,-1.000000000000000000e+00,-1.000000000000000000e+00,-1.000000000000000000e+00,-1.000000000000000000e+00,-1.000000000000000000e+00,-1.000000000000000000e+00,-1.000000000000000000e+00,-1.000000000000000000e+00,-1.000000000000000000e+00,-1.000000000000000000e+00,-1.000000000000000000e+00,-1.000000000000000000e+00,-1.000000000000000000e+00,-1.000000000000000000e+00,-1.000000000000000000e+00,-1.000000000000000000e+00,-1.000000000000000000e+00,-1.000000000000000000e+00,-1.000000000000000000e+00,-1.000000000000000000e+00,-1.000000000000000000e+00,-1.000000000000000000e+00,-1.000000000000000000e+00,-1.000000000000000000e+00,-1.000000000000000000e+00,-1.000000000000000000e+00,-1.000000000000000000e+00,-1.000000000000000000e+00,-1.000000000000000000e+00,-1.000000000000000000e+00,-1.000000000000000000e+00,-1.000000000000000000e+00,-1.000000000000000000e+00,-1.000000000000000000e+00,-1.000000000000000000e+00,-1.000000000000000000e+00,-1.000000000000000000e+00,-1.000000000000000000e+00,-1.000000000000000000e+00,-1.000000000000000000e+00,-1.000000000000000000e+00,-1.000000000000000000e+00
2.622143328189849854e-01,7.194926738739013672e-01,2.458286019191291416e-07,2.555156648159027100e-01,6.346875429153442383e-01,8.026895113289356232e-03,2.818491458892822266e-01,5.794696211814880371e-01,3.308413550257682800e-03,3.246488273143768311e-01,5.713688135147094727e-01,-4.901817999780178070e-03,3.581477701663970947e-01,5.915725827217102051e-01,-1.091571059077978134e-02,3.097241222858428955e-01,5.223117470741271973e-01,-2.779699396342039108e-03,3.488348424434661865e-01,5.169797539710998535e-01,-1.119994837790727615e-02,3.503588736057281494e-01,5.484178662300109863e-01,-1.695447042584419250e-02,3.425934314727783203e-01,5.646595954895019531e-01,-1.933499053120613098e-02,3.445260226726531982e-01,5.421058535575866699e-01,-1.589012518525123596e-02,3.998768329620361328e-01,4.889306426048278809e-01,-2.093162946403026581e-02,4.329243004322052002e-01,4.501070380210876465e-01,-2.629785239696502686e-02,4.601535797119140625e-01,4.177452325820922852e-01,-3.029934316873550415e-02,3.722791671752929688e-01,5.794435143470764160e-01,-2.714182250201702118e-02,4.007107317447662354e-01,5.863143205642700195e-01,-2.510779723525047302e-02,3.842183649539947510e-01,6.087999939918518066e-01,-1.871246472001075745e-02,3.657358288764953613e-01,6.225072741508483887e-01,-1.394695974886417389e-02,3.914180994033813477e-01,6.284922361373901367e-01,-3.904843330383300781e-02,4.012829065322875977e-01,6.364519000053405762e-01,-2.634356543421745300e-02,3.849547207355499268e-01,6.537514328956604004e-01,-8.881620131433010101e-03,3.708010315895080566e-01,6.636633276939392090e-01,3.448376432061195374e-03,-1.000000000000000000e+00,-1.000000000000000000e+00,-1.000000000000000000e+00,-1.000000000000000000e+00,-1.000000000000000000e+00,-1.000000000000000000e+00,-1.000000000000000000e+00,-1.000000000000000000e+00,-1.000000000000000000e+00,-1.000000000000000000e+00,-1.000000000000000000e+00,-1.000000000000000000e+00,-1.000000000000000000e+00,-1.000000000000000000e+00,-1.000000000000000000e+00,-1.000000000000000000e+00,-1.000000000000000000e+00,-1.000000000000000000e+00,-1.000000000000000000e+00,-1.000000000000000000e+00,-1.000000000000000000e+00,-1.000000000000000000e+00,-1.000000000000000000e+00,-1.000000000000000000e+00,-1.000000000000000000e+00,-1.000000000000000000e+00,-1.000000000000000000e+00,-1.000000000000000000e+00,-1.000000000000000000e+00,-1.000000000000000000e+00,-1.000000000000000000e+00,-1.000000000000000000e+00,-1.000000000000000000e+00,-1.000000000000000000e+00,-1.000000000000000000e+00,-1.000000000000000000e+00,-1.000000000000000000e+00,-1.000000000000000000e+00,-1.000000000000000000e+00,-1.000000000000000000e+00,-1.000000000000000000e+00,-1.000000000000000000e+00,-1.000000000000000000e+00,-1.000000000000000000e+00,-1.000000000000000000e+00,-1.000000000000000000e+00,-1.000000000000000000e+00,-1.000000000000000000e+00,-1.000000000000000000e+00,-1.000000000000000000e+00,-1.000000000000000000e+00,-1.000000000000000000e+00,-1.000000000000000000e+00,-1.000000000000000000e+00,-1.000000000000000000e+00,-1.000000000000000000e+00,-1.000000000000000000e+00,-1.000000000000000000e+00,-1.000000000000000000e+00,-1.000000000000000000e+00,-1.000000000000000000e+00,-1.000000000000000000e+00,-1.000000000000000000e+00
2.593516111373901367e-01,7.229129076004028320e-01,2.550792146394087467e-07,2.537828683853149414e-01,6.372669935226440430e-01,8.752581663429737091e-03,2.807698547840118408e-01,5.836715102195739746e-01,3.580977674573659897e-03,3.235200047492980957e-01,5.764318108558654785e-01,-5.434142425656318665e-03,3.570284545421600342e-01,5.985116958618164062e-01,-1.202013809233903885e-02,3.084751665592193604e-01,5.251843929290771484e-01,-1.898872782476246357e-03,3.506615757942199707e-01,5.200805068016052246e-01,-1.187242660671472549e-02,3.530700504779815674e-01,5.514921545982360840e-01,-1.818529143929481506e-02,3.444773852825164795e-01,5.685801506042480469e-01,-2.071342989802360535e-02,3.440827131271362305e-01,5.440261363983154297e-01,-1.616142690181732178e-02,4.020226001739501953e-01,4.906583726406097412e-01,-2.240705490112304688e-02,4.351365268230438232e-01,4.532818794250488281e-01,-2.783075906336307526e-02,4.605460464954376221e-01,4.227127730846405029e-01,-3.134875744581222534e-02,3.716641962528228760e-01,5.813861489295959473e-01,-2.876479178667068481e-02,4.015995562076568604e-01,5.903398990631103516e-01,-2.725925669074058533e-02,3.862542510032653809e-01,6.139989495277404785e-01,-2.058623544871807098e-02,3.677452802658081055e-01,6.272728443145751953e-01,-1.550058741122484207e-02,3.904573321342468262e-01,6.314909458160400391e-01,-4.208765551447868347e-02,4.003408551216125488e-01,6.454010605812072754e-01,-2.983158454298973083e-02,3.840481638908386230e-01,6.625891327857971191e-01,-1.273043639957904816e-02,3.689175248146057129e-01,6.713901758193969727e-01,-4.905973910354077816e-04,-1.000000000000000000e+00,-1.000000000000000000e+00,-1.000000000000000000e+00,-1.000000000000000000e+00,-1.000000000000000000e+00,-1.000000000000000000e+00,-1.000000000000000000e+00,-1.000000000000000000e+00,-1.000000000000000000e+00,-1.000000000000000000e+00,-1.000000000000000000e+00,-1.000000000000000000e+00,-1.000000000000000000e+00,-1.000000000000000000e+00,-1.000000000000000000e+00,-1.000000000000000000e+00,-1.000000000000000000e+00,-1.000000000000000000e+00,-1.000000000000000000e+00,-1.000000000000000000e+00,-1.000000000000000000e+00,-1.000000000000000000e+00,-1.000000000000000000e+00,-1.000000000000000000e+00,-1.000000000000000000e+00,-1.000000000000000000e+00,-1.000000000000000000e+00,-1.000000000000000000e+00,-1.000000000000000000e+00,-1.000000000000000000e+00,-1.000000000000000000e+00,-1.000000000000000000e+00,-1.000000000000000000e+00,-1.000000000000000000e+00,-1.000000000000000000e+00,-1.000000000000000000e+00,-1.000000000000000000e+00,-1.000000000000000000e+00,-1.000000000000000000e+00,-1.000000000000000000e+00,-1.000000000000000000e+00,-1.000000000000000000e+00,-1.000000000000000000e+00,-1.000000000000000000e+00,-1.000000000000000000e+00,-1.000000000000000000e+00,-1.000000000000000000e+00,-1.000000000000000000e+00,-1.000000000000000000e+00,-1.000000000000000000e+00,-1.000000000000000000e+00,-1.000000000000000000e+00,-1.000000000000000000e+00,-1.000000000000000000e+00,-1.000000000000000000e+00,-1.000000000000000000e+00,-1.000000000000000000e+00,-1.000000000000000000e+00,-1.000000000000000000e+00,-1.000000000000000000e+00,-1.000000000000000000e+00,-1.000000000000000000e+00,-1.000000000000000000e+00
2.593516111373901367e-01,7.229129076004028320e-01,2.550792146394087467e-07,2.537828683853149414e-01,6.372669935226440430e-01,8.752581663429737091e-03,2.807698547840118408e-01,5.836715102195739746e-01,3.580977674573659897e-03,3.235200047492980957e-01,5.764318108558654785e-01,-5.434142425656318665e-03,3.570284545421600342e-01,5.985116958618164062e-01,-1.202013809233903885e-02,3.084751665592193604e-01,5.251843929290771484e-01,-1.898872782476246357e-03,3.506615757942199707e-01,5.200805068016052246e-01,-1.187242660671472549e-02,3.530700504779815674e-01,5.514921545982360840e-01,-1.818529143929481506e-02,3.444773852825164795e-01,5.685801506042480469e-01,-2.071342989802360535e-02,3.440827131271362305e-01,5.440261363983154297e-01,-1.616142690181732178e-02,4.020226001739501953e-01,4.906583726406097412e-01,-2.240705490112304688e-02,4.351365268230438232e-01,4.532818794250488281e-01,-2.783075906336307526e-02,4.605460464954376221e-01,4.227127730846405029e-01,-3.134875744581222534e-02,3.716641962528228760e-01,5.813861489295959473e-01,-2.876479178667068481e-02,4.015995562076568604e-01,5.903398990631103516e-01,-2.725925669074058533e-02,3.862542510032653809e-01,6.139989495277404785e-01,-2.058623544871807098e-02,3.677452802658081055e-01,6.272728443145751953e-01,-1.550058741122484207e-02,3.904573321342468262e-01,6.314909458160400391e-01,-4.208765551447868347e-02,4.003408551216125488e-01,6.454010605812072754e-01,-2.983158454298973083e-02,3.840481638908386230e-01,6.625891327857971191e-01,-1.273043639957904816e-02,3.689175248146057129e-01,6.713901758193969727e-01,-4.905973910354077816e-04,-1.000000000000000000e+00,-1.000000000000000000e+00,-1.000000000000000000e+00,-1.000000000000000000e+00,-1.000000000000000000e+00,-1.000000000000000000e+00,-1.000000000000000000e+00,-1.000000000000000000e+00,-1.000000000000000000e+00,-1.000000000000000000e+00,-1.000000000000000000e+00,-1.000000000000000000e+00,-1.000000000000000000e+00,-1.000000000000000000e+00,-1.000000000000000000e+00,-1.000000000000000000e+00,-1.000000000000000000e+00,-1.000000000000000000e+00,-1.000000000000000000e+00,-1.000000000000000000e+00,-1.000000000000000000e+00,-1.000000000000000000e+00,-1.000000000000000000e+00,-1.000000000000000000e+00,-1.000000000000000000e+00,-1.000000000000000000e+00,-1.000000000000000000e+00,-1.000000000000000000e+00,-1.000000000000000000e+00,-1.000000000000000000e+00,-1.000000000000000000e+00,-1.000000000000000000e+00,-1.000000000000000000e+00,-1.000000000000000000e+00,-1.000000000000000000e+00,-1.000000000000000000e+00,-1.000000000000000000e+00,-1.000000000000000000e+00,-1.000000000000000000e+00,-1.000000000000000000e+00,-1.000000000000000000e+00,-1.000000000000000000e+00,-1.000000000000000000e+00,-1.000000000000000000e+00,-1.000000000000000000e+00,-1.000000000000000000e+00,-1.000000000000000000e+00,-1.000000000000000000e+00,-1.000000000000000000e+00,-1.000000000000000000e+00,-1.000000000000000000e+00,-1.000000000000000000e+00,-1.000000000000000000e+00,-1.000000000000000000e+00,-1.000000000000000000e+00,-1.000000000000000000e+00,-1.000000000000000000e+00,-1.000000000000000000e+00,-1.000000000000000000e+00,-1.000000000000000000e+00,-1.000000000000000000e+00,-1.000000000000000000e+00,-1.000000000000000000e+00
2.569022476673126221e-01,7.241113781929016113e-01,2.418497047074197326e-07,2.534677386283874512e-01,6.366430521011352539e-01,9.455108083784580231e-03,2.815390527248382568e-01,5.822859406471252441e-01,4.628637339919805527e-03,3.240576088428497314e-01,5.760222077369689941e-01,-4.039554391056299210e-03,3.580083250999450684e-01,5.991029739379882812e-01,-1.034183148294687271e-02,3.076888918876647949e-01,5.243175029754638672e-01,-2.326348563656210899e-03,3.507697284221649170e-01,5.201511383056640625e-01,-1.123448461294174194e-02,3.527593910694122314e-01,5.514290332794189453e-01,-1.646516844630241394e-02,3.440150022506713867e-01,5.681552886962890625e-01,-1.845284923911094666e-02,3.437553048133850098e-01,5.438494086265563965e-01,-1.663861423730850220e-02,4.012783169746398926e-01,4.910967946052551270e-01,-2.159806527197360992e-02,4.343985021114349365e-01,4.533588886260986328e-01,-2.622595988214015961e-02,4.595704972743988037e-01,4.220133423805236816e-01,-2.961154468357563019e-02,3.719317317008972168e-01,5.814540982246398926e-01,-2.911848947405815125e-02,4.010304808616638184e-01,5.917224884033203125e-01,-2.656849287450313568e-02,3.855366706848144531e-01,6.155055165290832520e-01,-1.987674646079540253e-02,3.663035631179809570e-01,6.284917593002319336e-01,-1.517455000430345535e-02,3.907006680965423584e-01,6.310308575630187988e-01,-4.224943742156028748e-02,3.995977938175201416e-01,6.451784372329711914e-01,-2.951961755752563477e-02,3.832540214061737061e-01,6.628553271293640137e-01,-1.253410708159208298e-02,3.677939176559448242e-01,6.723535656929016113e-01,-5.952440551482141018e-04,-1.000000000000000000e+00,-1.000000000000000000e+00,-1.000000000000000000e+00,-1.000000000000000000e+00,-1.000000000000000000e+00,-1.000000000000000000e+00,-1.000000000000000000e+00,-1.000000000000000000e+00,-1.000000000000000000e+00,-1.000000000000000000e+00,-1.000000000000000000e+00,-1.000000000000000000e+00,-1.000000000000000000e+00,-1.000000000000000000e+00,-1.000000000000000000e+00,-1.000000000000000000e+00,-1.000000000000000000e+00,-1.000000000000000000e+00,-1.000000000000000000e+00,-1.000000000000000000e+00,-1.000000000000000000e+00,-1.000000000000000000e+00,-1.000000000000000000e+00,-1.000000000000000000e+00,-1.000000000000000000e+00,-1.000000000000000000e+00,-1.000000000000000000e+00,-1.000000000000000000e+00,-1.000000000000000000e+00,-1.000000000000000000e+00,-1.000000000000000000e+00,-1.000000000000000000e+00,-1.000000000000000000e+00,-1.000000000000000000e+00,-1.000000000000000000e+00,-1.000000000000000000e+00,-1.000000000000000000e+00,-1.000000000000000000e+00,-1.000000000000000000e+00,-1.000000000000000000e+00,-1.000000000000000000e+00,-1.000000000000000000e+00,-1.000000000000000000e+00,-1.000000000000000000e+00,-1.000000000000000000e+00,-1.000000000000000000e+00,-1.000000000000000000e+00,-1.000000000000000000e+00,-1.000000000000000000e+00,-1.000000000000000000e+00,-1.000000000000000000e+00,-1.000000000000000000e+00,-1.000000000000000000e+00,-1.000000000000000000e+00,-1.000000000000000000e+00,-1.000000000000000000e+00,-1.000000000000000000e+00,-1.000000000000000000e+00,-1.000000000000000000e+00,-1.000000000000000000e+00,-1.000000000000000000e+00,-1.000000000000000000e+00,-1.000000000000000000e+00
2.569022476673126221e-01,7.241113781929016113e-01,2.418497047074197326e-07,2.534677386283874512e-01,6.366430521011352539e-01,9.455108083784580231e-03,2.815390527248382568e-01,5.822859406471252441e-01,4.628637339919805527e-03,3.240576088428497314e-01,5.760222077369689941e-01,-4.039554391056299210e-03,3.580083250999450684e-01,5.991029739379882812e-01,-1.034183148294687271e-02,3.076888918876647949e-01,5.243175029754638672e-01,-2.326348563656210899e-03,3.507697284221649170e-01,5.201511383056640625e-01,-1.123448461294174194e-02,3.527593910694122314e-01,5.514290332794189453e-01,-1.646516844630241394e-02,3.440150022506713867e-01,5.681552886962890625e-01,-1.845284923911094666e-02,3.437553048133850098e-01,5.438494086265563965e-01,-1.663861423730850220e-02,4.012783169746398926e-01,4.910967946052551270e-01,-2.159806527197360992e-02,4.343985021114349365e-01,4.533588886260986328e-01,-2.622595988214015961e-02,4.595704972743988037e-01,4.220133423805236816e-01,-2.961154468357563019e-02,3.719317317008972168e-01,5.814540982246398926e-01,-2.911848947405815125e-02,4.010304808616638184e-01,5.917224884033203125e-01,-2.656849287450313568e-02,3.855366706848144531e-01,6.155055165290832520e-01,-1.987674646079540253e-02,3.663035631179809570e-01,6.284917593002319336e-01,-1.517455000430345535e-02,3.907006680965423584e-01,6.310308575630187988e-01,-4.224943742156028748e-02,3.995977938175201416e-01,6.451784372329711914e-01,-2.951961755752563477e-02,3.832540214061737061e-01,6.628553271293640137e-01,-1.253410708159208298e-02,3.677939176559448242e-01,6.723535656929016113e-01,-5.952440551482141018e-04,-1.000000000000000000e+00,-1.000000000000000000e+00,-1.000000000000000000e+00,-1.000000000000000000e+00,-1.000000000000000000e+00,-1.000000000000000000e+00,-1.000000000000000000e+00,-1.000000000000000000e+00,-1.000000000000000000e+00,-1.000000000000000000e+00,-1.000000000000000000e+00,-1.000000000000000000e+00,-1.000000000000000000e+00,-1.000000000000000000e+00,-1.000000000000000000e+00,-1.000000000000000000e+00,-1.000000000000000000e+00,-1.000000000000000000e+00,-1.000000000000000000e+00,-1.000000000000000000e+00,-1.000000000000000000e+00,-1.000000000000000000e+00,-1.000000000000000000e+00,-1.000000000000000000e+00,-1.000000000000000000e+00,-1.000000000000000000e+00,-1.000000000000000000e+00,-1.000000000000000000e+00,-1.000000000000000000e+00,-1.000000000000000000e+00,-1.000000000000000000e+00,-1.000000000000000000e+00,-1.000000000000000000e+00,-1.000000000000000000e+00,-1.000000000000000000e+00,-1.000000000000000000e+00,-1.000000000000000000e+00,-1.000000000000000000e+00,-1.000000000000000000e+00,-1.000000000000000000e+00,-1.000000000000000000e+00,-1.000000000000000000e+00,-1.000000000000000000e+00,-1.000000000000000000e+00,-1.000000000000000000e+00,-1.000000000000000000e+00,-1.000000000000000000e+00,-1.000000000000000000e+00,-1.000000000000000000e+00,-1.000000000000000000e+00,-1.000000000000000000e+00,-1.000000000000000000e+00,-1.000000000000000000e+00,-1.000000000000000000e+00,-1.000000000000000000e+00,-1.000000000000000000e+00,-1.000000000000000000e+00,-1.000000000000000000e+00,-1.000000000000000000e+00,-1.000000000000000000e+00,-1.000000000000000000e+00,-1.000000000000000000e+00,-1.000000000000000000e+00
2.569185197353363037e-01,7.294991612434387207e-01,2.418003077764296904e-07,2.545460164546966553e-01,6.417641043663024902e-01,8.608819916844367981e-03,2.842499911785125732e-01,5.858370661735534668e-01,4.061210900545120239e-03,3.271248042583465576e-01,5.787498354911804199e-01,-4.460312426090240479e-03,3.608449101448059082e-01,6.015397906303405762e-01,-1.048927661031484604e-02,3.097281455993652344e-01,5.278413891792297363e-01,6.556551670655608177e-04,3.522148728370666504e-01,5.265425443649291992e-01,-8.989525958895683289e-03,3.548732101917266846e-01,5.581423044204711914e-01,-1.560954190790653229e-02,3.466697037220001221e-01,5.747339129447937012e-01,-1.842784509062767029e-02,3.451117873191833496e-01,5.473562479019165039e-01,-1.355897169560194016e-02,4.029107689857482910e-01,4.957656860351562500e-01,-1.903786510229110718e-02,4.364594221115112305e-01,4.573615789413452148e-01,-2.477855049073696136e-02,4.621435105800628662e-01,4.250299930572509766e-01,-2.866895683109760284e-02,3.727234601974487305e-01,5.843303799629211426e-01,-2.641101367771625519e-02,4.028412103652954102e-01,5.958213806152343750e-01,-2.540663257241249084e-02,3.875398337841033936e-01,6.204952597618103027e-01,-1.976446621119976044e-02,3.680617809295654297e-01,6.337657570838928223e-01,-1.509765721857547760e-02,3.915285468101501465e-01,6.337441205978393555e-01,-4.001130536198616028e-02,4.025482833385467529e-01,6.488509178161621094e-01,-2.837998047471046448e-02,3.865801990032196045e-01,6.674436926841735840e-01,-1.183187495917081833e-02,3.708586990833282471e-01,6.766402721405029297e-01,1.736745616653934121e-04,-1.000000000000000000e+00,-1.000000000000000000e+00,-1.000000000000000000e+00,-1.000000000000000000e+00,-1.000000000000000000e+00,-1.000000000000000000e+00,-1.000000000000000000e+00,-1.000000000000000000e+00,-1.000000000000000000e+00,-1.000000000000000000e+00,-1.000000000000000000e+00,-1.000000000000000000e+00,-1.000000000000000000e+00,-1.000000000000000000e+00,-1.000000000000000000e+00,-1.000000000000000000e+00,-1.000000000000000000e+00,-1.000000000000000000e+00,-1.000000000000000000e+00,-1.000000000000000000e+00,-1.000000000000000000e+00,-1.000000000000000000e+00,-1.000000000000000000e+00,-1.000000000000000000e+00,-1.000000000000000000e+00,-1.000000000000000000e+00,-1.000000000000000000e+00,-1.000000000000000000e+00,-1.000000000000000000e+00,-1.000000000000000000e+00,-1.000000000000000000e+00,-1.000000000000000000e+00,-1.000000000000000000e+00,-1.000000000000000000e+00,-1.000000000000000000e+00,-1.000000000000000000e+00,-1.000000000000000000e+00,-1.000000000000000000e+00,-1.000000000000000000e+00,-1.000000000000000000e+00,-1.000000000000000000e+00,-1.000000000000000000e+00,-1.000000000000000000e+00,-1.000000000000000000e+00,-1.000000000000000000e+00,-1.000000000000000000e+00,-1.000000000000000000e+00,-1.000000000000000000e+00,-1.000000000000000000e+00,-1.000000000000000000e+00,-1.000000000000000000e+00,-1.000000000000000000e+00,-1.000000000000000000e+00,-1.000000000000000000e+00,-1.000000000000000000e+00,-1.000000000000000000e+00,-1.000000000000000000e+00,-1.000000000000000000e+00,-1.000000000000000000e+00,-1.000000000000000000e+00,-1.000000000000000000e+00,-1.000000000000000000e+00,-1.000000000000000000e+00
2.569185197353363037e-01,7.294991612434387207e-01,2.418003077764296904e-07,2.545460164546966553e-01,6.417641043663024902e-01,8.608819916844367981e-03,2.842499911785125732e-01,5.858370661735534668e-01,4.061210900545120239e-03,3.271248042583465576e-01,5.787498354911804199e-01,-4.460312426090240479e-03,3.608449101448059082e-01,6.015397906303405762e-01,-1.048927661031484604e-02,3.097281455993652344e-01,5.278413891792297363e-01,6.556551670655608177e-04,3.522148728370666504e-01,5.265425443649291992e-01,-8.989525958895683289e-03,3.548732101917266846e-01,5.581423044204711914e-01,-1.560954190790653229e-02,3.466697037220001221e-01,5.747339129447937012e-01,-1.842784509062767029e-02,3.451117873191833496e-01,5.473562479019165039e-01,-1.355897169560194016e-02,4.029107689857482910e-01,4.957656860351562500e-01,-1.903786510229110718e-02,4.364594221115112305e-01,4.573615789413452148e-01,-2.477855049073696136e-02,4.621435105800628662e-01,4.250299930572509766e-01,-2.866895683109760284e-02,3.727234601974487305e-01,5.843303799629211426e-01,-2.641101367771625519e-02,4.028412103652954102e-01,5.958213806152343750e-01,-2.540663257241249084e-02,3.875398337841033936e-01,6.204952597618103027e-01,-1.976446621119976044e-02,3.680617809295654297e-01,6.337657570838928223e-01,-1.509765721857547760e-02,3.915285468101501465e-01,6.337441205978393555e-01,-4.001130536198616028e-02,4.025482833385467529e-01,6.488509178161621094e-01,-2.837998047471046448e-02,3.865801990032196045e-01,6.674436926841735840e-01,-1.183187495917081833e-02,3.708586990833282471e-01,6.766402721405029297e-01,1.736745616653934121e-04,-1.000000000000000000e+00,-1.000000000000000000e+00,-1.000000000000000000e+00,-1.000000000000000000e+00,-1.000000000000000000e+00,-1.000000000000000000e+00,-1.000000000000000000e+00,-1.000000000000000000e+00,-1.000000000000000000e+00,-1.000000000000000000e+00,-1.000000000000000000e+00,-1.000000000000000000e+00,-1.000000000000000000e+00,-1.000000000000000000e+00,-1.000000000000000000e+00,-1.000000000000000000e+00,-1.000000000000000000e+00,-1.000000000000000000e+00,-1.000000000000000000e+00,-1.000000000000000000e+00,-1.000000000000000000e+00,-1.000000000000000000e+00,-1.000000000000000000e+00,-1.000000000000000000e+00,-1.000000000000000000e+00,-1.000000000000000000e+00,-1.000000000000000000e+00,-1.000000000000000000e+00,-1.000000000000000000e+00,-1.000000000000000000e+00,-1.000000000000000000e+00,-1.000000000000000000e+00,-1.000000000000000000e+00,-1.000000000000000000e+00,-1.000000000000000000e+00,-1.000000000000000000e+00,-1.000000000000000000e+00,-1.000000000000000000e+00,-1.000000000000000000e+00,-1.000000000000000000e+00,-1.000000000000000000e+00,-1.000000000000000000e+00,-1.000000000000000000e+00,-1.000000000000000000e+00,-1.000000000000000000e+00,-1.000000000000000000e+00,-1.000000000000000000e+00,-1.000000000000000000e+00,-1.000000000000000000e+00,-1.000000000000000000e+00,-1.000000000000000000e+00,-1.000000000000000000e+00,-1.000000000000000000e+00,-1.000000000000000000e+00,-1.000000000000000000e+00,-1.000000000000000000e+00,-1.000000000000000000e+00,-1.000000000000000000e+00,-1.000000000000000000e+00,-1.000000000000000000e+00,-1.000000000000000000e+00,-1.000000000000000000e+00,-1.000000000000000000e+00
2.579757571220397949e-01,7.267494797706604004e-01,2.567086312410538085e-07,2.551895380020141602e-01,6.404492855072021484e-01,8.675115182995796204e-03,2.843956351280212402e-01,5.852417945861816406e-01,3.948392346501350403e-03,3.269931375980377197e-01,5.789459943771362305e-01,-4.468609578907489777e-03,3.609172999858856201e-01,6.021234989166259766e-01,-1.033111568540334702e-02,3.089323937892913818e-01,5.275635719299316406e-01,-1.781453844159841537e-03,3.527529239654541016e-01,5.250288844108581543e-01,-1.070069335401058197e-02,3.557727634906768799e-01,5.567338466644287109e-01,-1.601124554872512817e-02,3.477268218994140625e-01,5.737653374671936035e-01,-1.797357387840747833e-02,3.442763388156890869e-01,5.468850731849670410e-01,-1.566257700324058533e-02,4.028198122978210449e-01,4.950925111770629883e-01,-2.082070522010326385e-02,4.367654919624328613e-01,4.569534659385681152e-01,-2.568379789590835571e-02,4.626425206661224365e-01,4.248942136764526367e-01,-2.905931510031223297e-02,3.719780743122100830e-01,5.837073922157287598e-01,-2.789232321083545685e-02,4.033893942832946777e-01,5.960340499877929688e-01,-2.613711357116699219e-02,3.882450461387634277e-01,6.205002069473266602e-01,-1.968229375779628754e-02,3.686168789863586426e-01,6.335820555686950684e-01,-1.469305716454982758e-02,3.907015025615692139e-01,6.324217915534973145e-01,-4.081396386027336121e-02,4.023885428905487061e-01,6.476770043373107910e-01,-2.839998342096805573e-02,3.865513205528259277e-01,6.661468744277954102e-01,-1.135687064379453659e-02,3.708830773830413818e-01,6.755256652832031250e-01,8.182858000509440899e-04,-1.000000000000000000e+00,-1.000000000000000000e+00,-1.000000000000000000e+00,-1.000000000000000000e+00,-1.000000000000000000e+00,-1.000000000000000000e+00,-1.000000000000000000e+00,-1.000000000000000000e+00,-1.000000000000000000e+00,-1.000000000000000000e+00,-1.000000000000000000e+00,-1.000000000000000000e+00,-1.000000000000000000e+00,-1.000000000000000000e+00,-1.000000000000000000e+00,-1.000000000000000000e+00,-1.000000000000000000e+00,-1.000000000000000000e+00,-1.000000000000000000e+00,-1.000000000000000000e+00,-1.000000000000000000e+00,-1.000000000000000000e+00,-1.000000000000000000e+00,-1.000000000000000000e+00,-1.000000000000000000e+00,-1.000000000000000000e+00,-1.000000000000000000e+00,-1.000000000000000000e+00,-1.000000000000000000e+00,-1.000000000000000000e+00,-1.000000000000000000e+00,-1.000000000000000000e+00,-1.000000000000000000e+00,-1.000000000000000000e+00,-1.000000000000000000e+00,-1.000000000000000000e+00,-1.000000000000000000e+00,-1.000000000000000000e+00,-1.000000000000000000e+00,-1.000000000000000000e+00,-1.000000000000000000e+00,-1.000000000000000000e+00,-1.000000000000000000e+00,-1.000000000000000000e+00,-1.000000000000000000e+00,-1.000000000000000000e+00,-1.000000000000000000e+00,-1.000000000000000000e+00,-1.000000000000000000e+00,-1.000000000000000000e+00,-1.000000000000000000e+00,-1.000000000000000000e+00,-1.000000000000000000e+00,-1.000000000000000000e+00,-1.000000000000000000e+00,-1.000000000000000000e+00,-1.000000000000000000e+00,-1.000000000000000000e+00,-1.000000000000000000e+00,-1.000000000000000000e+00,-1.000000000000000000e+00,-1.000000000000000000e+00,-1.000000000000000000e+00
2.579757571220397949e-01,7.267494797706604004e-01,2.567086312410538085e-07,2.551895380020141602e-01,6.404492855072021484e-01,8.675115182995796204e-03,2.843956351280212402e-01,5.852417945861816406e-01,3.948392346501350403e-03,3.269931375980377197e-01,5.789459943771362305e-01,-4.468609578907489777e-03,3.609172999858856201e-01,6.021234989166259766e-01,-1.033111568540334702e-02,3.089323937892913818e-01,5.275635719299316406e-01,-1.781453844159841537e-03,3.527529239654541016e-01,5.250288844108581543e-01,-1.070069335401058197e-02,3.557727634906768799e-01,5.567338466644287109e-01,-1.601124554872512817e-02,3.477268218994140625e-01,5.737653374671936035e-01,-1.797357387840747833e-02,3.442763388156890869e-01,5.468850731849670410e-01,-1.566257700324058533e-02,4.028198122978210449e-01,4.950925111770629883e-01,-2.082070522010326385e-02,4.367654919624328613e-01,4.569534659385681152e-01,-2.568379789590835571e-02,4.626425206661224365e-01,4.248942136764526367e-01,-2.905931510031223297e-02,3.719780743122100830e-01,5.837073922157287598e-01,-2.789232321083545685e-02,4.033893942832946777e-01,5.960340499877929688e-01,-2.613711357116699219e-02,3.882450461387634277e-01,6.205002069473266602e-01,-1.968229375779628754e-02,3.686168789863586426e-01,6.335820555686950684e-01,-1.469305716454982758e-02,3.907015025615692139e-01,6.324217915534973145e-01,-4.081396386027336121e-02,4.023885428905487061e-01,6.476770043373107910e-01,-2.839998342096805573e-02,3.865513205528259277e-01,6.661468744277954102e-01,-1.135687064379453659e-02,3.708830773830413818e-01,6.755256652832031250e-01,8.182858000509440899e-04,-1.000000000000000000e+00,-1.000000000000000000e+00,-1.000000000000000000e+00,-1.000000000000000000e+00,-1.000000000000000000e+00,-1.000000000000000000e+00,-1.000000000000000000e+00,-1.000000000000000000e+00,-1.000000000000000000e+00,-1.000000000000000000e+00,-1.000000000000000000e+00,-1.000000000000000000e+00,-1.000000000000000000e+00,-1.000000000000000000e+00,-1.000000000000000000e+00,-1.000000000000000000e+00,-1.000000000000000000e+00,-1.000000000000000000e+00,-1.000000000000000000e+00,-1.000000000000000000e+00,-1.000000000000000000e+00,-1.000000000000000000e+00,-1.000000000000000000e+00,-1.000000000000000000e+00,-1.000000000000000000e+00,-1.000000000000000000e+00,-1.000000000000000000e+00,-1.000000000000000000e+00,-1.000000000000000000e+00,-1.000000000000000000e+00,-1.000000000000000000e+00,-1.000000000000000000e+00,-1.000000000000000000e+00,-1.000000000000000000e+00,-1.000000000000000000e+00,-1.000000000000000000e+00,-1.000000000000000000e+00,-1.000000000000000000e+00,-1.000000000000000000e+00,-1.000000000000000000e+00,-1.000000000000000000e+00,-1.000000000000000000e+00,-1.000000000000000000e+00,-1.000000000000000000e+00,-1.000000000000000000e+00,-1.000000000000000000e+00,-1.000000000000000000e+00,-1.000000000000000000e+00,-1.000000000000000000e+00,-1.000000000000000000e+00,-1.000000000000000000e+00,-1.000000000000000000e+00,-1.000000000000000000e+00,-1.000000000000000000e+00,-1.000000000000000000e+00,-1.000000000000000000e+00,-1.000000000000000000e+00,-1.000000000000000000e+00,-1.000000000000000000e+00,-1.000000000000000000e+00,-1.000000000000000000e+00,-1.000000000000000000e+00,-1.000000000000000000e+00
2.572393715381622314e-01,7.313859462738037109e-01,2.471905133916152408e-07,2.584857940673828125e-01,6.431087851524353027e-01,7.321216166019439697e-03,2.899970114231109619e-01,5.872368216514587402e-01,1.175798359327018261e-03,3.325024843215942383e-01,5.809050202369689941e-01,-9.162873029708862305e-03,3.654677569866180420e-01,6.061859130859375000e-01,-1.712797209620475769e-02,3.104940354824066162e-01,5.334305167198181152e-01,-1.604269957169890404e-03,3.564846813678741455e-01,5.335199236869812012e-01,-1.504963822662830353e-02,3.598738610744476318e-01,5.657954812049865723e-01,-2.415575459599494934e-02,3.509541749954223633e-01,5.820865035057067871e-01,-2.841227874159812927e-02,3.460003435611724854e-01,5.518153309822082520e-01,-1.682764664292335510e-02,4.070786535739898682e-01,5.025826692581176758e-01,-2.510402165353298187e-02,4.406168162822723389e-01,4.662267267704010010e-01,-3.226666525006294250e-02,4.651770889759063721e-01,4.344736337661743164e-01,-3.691370412707328796e-02,3.741057217121124268e-01,5.877410173416137695e-01,-3.113015927374362946e-02,4.045205712318420410e-01,6.004447340965270996e-01,-3.336208313703536987e-02,3.884866833686828613e-01,6.265628337860107422e-01,-2.877023257315158844e-02,3.690016269683837891e-01,6.394026279449462891e-01,-2.440832927823066711e-02,3.943488597869873047e-01,6.364517807960510254e-01,-4.628628864884376526e-02,4.043731093406677246e-01,6.534491777420043945e-01,-3.708923980593681335e-02,3.873518407344818115e-01,6.731038093566894531e-01,-2.157281897962093353e-02,3.714657425880432129e-01,6.821037530899047852e-01,-1.024358067661523819e-02,-1.000000000000000000e+00,-1.000000000000000000e+00,-1.000000000000000000e+00,-1.000000000000000000e+00,-1.000000000000000000e+00,-1.000000000000000000e+00,-1.000000000000000000e+00,-1.000000000000000000e+00,-1.000000000000000000e+00,-1.000000000000000000e+00,-1.000000000000000000e+00,-1.000000000000000000e+00,-1.000000000000000000e+00,-1.000000000000000000e+00,-1.000000000000000000e+00,-1.000000000000000000e+00,-1.000000000000000000e+00,-1.000000000000000000e+00,-1.000000000000000000e+00,-1.000000000000000000e+00,-1.000000000000000000e+00,-1.000000000000000000e+00,-1.000000000000000000e+00,-1.000000000000000000e+00,-1.000000000000000000e+00,-1.000000000000000000e+00,-1.000000000000000000e+00,-1.000000000000000000e+00,-1.000000000000000000e+00,-1.000000000000000000e+00,-1.000000000000000000e+00,-1.000000000000000000e+00,-1.000000000000000000e+00,-1.000000000000000000e+00,-1.000000000000000000e+00,-1.000000000000000000e+00,-1.000000000000000000e+00,-1.000000000000000000e+00,-1.000000000000000000e+00,-1.000000000000000000e+00,-1.000000000000000000e+00,-1.000000000000000000e+00,-1.000000000000000000e+00,-1.000000000000000000e+00,-1.000000000000000000e+00,-1.000000000000000000e+00,-1.000000000000000000e+00,-1.000000000000000000e+00,-1.000000000000000000e+00,-1.000000000000000000e+00,-1.000000000000000000e+00,-1.000000000000000000e+00,-1.000000000000000000e+00,-1.000000000000000000e+00,-1.000000000000000000e+00,-1.000000000000000000e+00,-1.000000000000000000e+00,-1.000000000000000000e+00,-1.000000000000000000e+00,-1.000000000000000000e+00,-1.000000000000000000e+00,-1.000000000000000000e+00,-1.000000000000000000e+00
2.572393715381622314e-01,7.313859462738037109e-01,2.471905133916152408e-07,2.584857940673828125e-01,6.431087851524353027e-01,7.321216166019439697e-03,2.899970114231109619e-01,5.872368216514587402e-01,1.175798359327018261e-03,3.325024843215942383e-01,5.809050202369689941e-01,-9.162873029708862305e-03,3.654677569866180420e-01,6.061859130859375000e-01,-1.712797209620475769e-02,3.104940354824066162e-01,5.334305167198181152e-01,-1.604269957169890404e-03,3.564846813678741455e-01,5.335199236869812012e-01,-1.504963822662830353e-02,3.598738610744476318e-01,5.657954812049865723e-01,-2.415575459599494934e-02,3.509541749954223633e-01,5.820865035057067871e-01,-2.841227874159812927e-02,3.460003435611724854e-01,5.518153309822082520e-01,-1.682764664292335510e-02,4.070786535739898682e-01,5.025826692581176758e-01,-2.510402165353298187e-02,4.406168162822723389e-01,4.662267267704010010e-01,-3.226666525006294250e-02,4.651770889759063721e-01,4.344736337661743164e-01,-3.691370412707328796e-02,3.741057217121124268e-01,5.877410173416137695e-01,-3.113015927374362946e-02,4.045205712318420410e-01,6.004447340965270996e-01,-3.336208313703536987e-02,3.884866833686828613e-01,6.265628337860107422e-01,-2.877023257315158844e-02,3.690016269683837891e-01,6.394026279449462891e-01,-2.440832927823066711e-02,3.943488597869873047e-01,6.364517807960510254e-01,-4.628628864884376526e-02,4.043731093406677246e-01,6.534491777420043945e-01,-3.708923980593681335e-02,3.873518407344818115e-01,6.731038093566894531e-01,-2.157281897962093353e-02,3.714657425880432129e-01,6.821037530899047852e-01,-1.024358067661523819e-02,-1.000000000000000000e+00,-1.000000000000000000e+00,-1.000000000000000000e+00,-1.000000000000000000e+00,-1.000000000000000000e+00,-1.000000000000000000e+00,-1.000000000000000000e+00,-1.000000000000000000e+00,-1.000000000000000000e+00,-1.000000000000000000e+00,-1.000000000000000000e+00,-1.000000000000000000e+00,-1.000000000000000000e+00,-1.000000000000000000e+00,-1.000000000000000000e+00,-1.000000000000000000e+00,-1.000000000000000000e+00,-1.000000000000000000e+00,-1.000000000000000000e+00,-1.000000000000000000e+00,-1.000000000000000000e+00,-1.000000000000000000e+00,-1.000000000000000000e+00,-1.000000000000000000e+00,-1.000000000000000000e+00,-1.000000000000000000e+00,-1.000000000000000000e+00,-1.000000000000000000e+00,-1.000000000000000000e+00,-1.000000000000000000e+00,-1.000000000000000000e+00,-1.000000000000000000e+00,-1.000000000000000000e+00,-1.000000000000000000e+00,-1.000000000000000000e+00,-1.000000000000000000e+00,-1.000000000000000000e+00,-1.000000000000000000e+00,-1.000000000000000000e+00,-1.000000000000000000e+00,-1.000000000000000000e+00,-1.000000000000000000e+00,-1.000000000000000000e+00,-1.000000000000000000e+00,-1.000000000000000000e+00,-1.000000000000000000e+00,-1.000000000000000000e+00,-1.000000000000000000e+00,-1.000000000000000000e+00,-1.000000000000000000e+00,-1.000000000000000000e+00,-1.000000000000000000e+00,-1.000000000000000000e+00,-1.000000000000000000e+00,-1.000000000000000000e+00,-1.000000000000000000e+00,-1.000000000000000000e+00,-1.000000000000000000e+00,-1.000000000000000000e+00,-1.000000000000000000e+00,-1.000000000000000000e+00,-1.000000000000000000e+00,-1.000000000000000000e+00
2.589411437511444092e-01,7.275886535644531250e-01,2.450298666190064978e-07,2.588625252246856689e-01,6.407318115234375000e-01,8.278873749077320099e-03,2.891982495784759521e-01,5.868410468101501465e-01,2.111357171088457108e-03,3.318374752998352051e-01,5.809730887413024902e-01,-8.145455271005630493e-03,3.646337091922760010e-01,6.059715747833251953e-01,-1.604465022683143616e-02,3.108505010604858398e-01,5.316887497901916504e-01,-3.102866001427173615e-03,3.581316471099853516e-01,5.306392908096313477e-01,-1.432403922080993652e-02,3.608112931251525879e-01,5.632044672966003418e-01,-2.133179828524589539e-02,3.517561554908752441e-01,5.793800950050354004e-01,-2.445843070745468140e-02,3.461946845054626465e-01,5.510500669479370117e-01,-1.836770400404930115e-02,4.061416089534759521e-01,5.022575259208679199e-01,-2.431297488510608673e-02,4.394484460353851318e-01,4.651575088500976562e-01,-2.976859733462333679e-02,4.639589786529541016e-01,4.326863884925842285e-01,-3.382471948862075806e-02,3.742402791976928711e-01,5.878736972808837891e-01,-3.231390193104743958e-02,4.044676721096038818e-01,6.018511652946472168e-01,-3.196106851100921631e-02,3.876309096813201904e-01,6.274982690811157227e-01,-2.634849771857261658e-02,3.672602176666259766e-01,6.406033039093017578e-01,-2.217293158173561096e-02,3.943142890930175781e-01,6.369334459304809570e-01,-4.705756157636642456e-02,4.032818377017974854e-01,6.550161838531494141e-01,-3.662469610571861267e-02,3.856038749217987061e-01,6.742853522300720215e-01,-2.092074602842330933e-02,3.695344328880310059e-01,6.835476160049438477e-01,-9.812506847083568573e-03,-1.000000000000000000e+00,-1.000000000000000000e+00,-1.000000000000000000e+00,-1.000000000000000000e+00,-1.000000000000000000e+00,-1.000000000000000000e+00,-1.000000000000000000e+00,-1.000000000000000000e+00,-1.000000000000000000e+00,-1.000000000000000000e+00,-1.000000000000000000e+00,-1.000000000000000000e+00,-1.000000000000000000e+00,-1.000000000000000000e+00,-1.000000000000000000e+00,-1.000000000000000000e+00,-1.000000000000000000e+00,-1.000000000000000000e+00,-1.000000000000000000e+00,-1.000000000000000000e+00,-1.000000000000000000e+00,-1.000000000000000000e+00,-1.000000000000000000e+00,-1.000000000000000000e+00,-1.000000000000000000e+00,-1.000000000000000000e+00,-1.000000000000000000e+00,-1.000000000000000000e+00,-1.000000000000000000e+00,-1.000000000000000000e+00,-1.000000000000000000e+00,-1.000000000000000000e+00,-1.000000000000000000e+00,-1.000000000000000000e+00,-1.000000000000000000e+00,-1.000000000000000000e+00,-1.000000000000000000e+00,-1.000000000000000000e+00,-1.000000000000000000e+00,-1.000000000000000000e+00,-1.000000000000000000e+00,-1.000000000000000000e+00,-1.000000000000000000e+00,-1.000000000000000000e+00,-1.000000000000000000e+00,-1.000000000000000000e+00,-1.000000000000000000e+00,-1.000000000000000000e+00,-1.000000000000000000e+00,-1.000000000000000000e+00,-1.000000000000000000e+00,-1.000000000000000000e+00,-1.000000000000000000e+00,-1.000000000000000000e+00,-1.000000000000000000e+00,-1.000000000000000000e+00,-1.000000000000000000e+00,-1.000000000000000000e+00,-1.000000000000000000e+00,-1.000000000000000000e+00,-1.000000000000000000e+00,-1.000000000000000000e+00,-1.000000000000000000e+00
2.589411437511444092e-01,7.275886535644531250e-01,2.450298666190064978e-07,2.588625252246856689e-01,6.407318115234375000e-01,8.278873749077320099e-03,2.891982495784759521e-01,5.868410468101501465e-01,2.111357171088457108e-03,3.318374752998352051e-01,5.809730887413024902e-01,-8.145455271005630493e-03,3.646337091922760010e-01,6.059715747833251953e-01,-1.604465022683143616e-02,3.108505010604858398e-01,5.316887497901916504e-01,-3.102866001427173615e-03,3.581316471099853516e-01,5.306392908096313477e-01,-1.432403922080993652e-02,3.608112931251525879e-01,5.632044672966003418e-01,-2.133179828524589539e-02,3.517561554908752441e-01,5.793800950050354004e-01,-2.445843070745468140e-02,3.461946845054626465e-01,5.510500669479370117e-01,-1.836770400404930115e-02,4.061416089534759521e-01,5.022575259208679199e-01,-2.431297488510608673e-02,4.394484460353851318e-01,4.651575088500976562e-01,-2.976859733462333679e-02,4.639589786529541016e-01,4.326863884925842285e-01,-3.382471948862075806e-02,3.742402791976928711e-01,5.878736972808837891e-01,-3.231390193104743958e-02,4.044676721096038818e-01,6.018511652946472168e-01,-3.196106851100921631e-02,3.876309096813201904e-01,6.274982690811157227e-01,-2.634849771857261658e-02,3.672602176666259766e-01,6.406033039093017578e-01,-2.217293158173561096e-02,3.943142890930175781e-01,6.369334459304809570e-01,-4.705756157636642456e-02,4.032818377017974854e-01,6.550161838531494141e-01,-3.662469610571861267e-02,3.856038749217987061e-01,6.742853522300720215e-01,-2.092074602842330933e-02,3.695344328880310059e-01,6.835476160049438477e-01,-9.812506847083568573e-03,-1.000000000000000000e+00,-1.000000000000000000e+00,-1.000000000000000000e+00,-1.000000000000000000e+00,-1.000000000000000000e+00,-1.000000000000000000e+00,-1.000000000000000000e+00,-1.000000000000000000e+00,-1.000000000000000000e+00,-1.000000000000000000e+00,-1.000000000000000000e+00,-1.000000000000000000e+00,-1.000000000000000000e+00,-1.000000000000000000e+00,-1.000000000000000000e+00,-1.000000000000000000e+00,-1.000000000000000000e+00,-1.000000000000000000e+00,-1.000000000000000000e+00,-1.000000000000000000e+00,-1.000000000000000000e+00,-1.000000000000000000e+00,-1.000000000000000000e+00,-1.000000000000000000e+00,-1.000000000000000000e+00,-1.000000000000000000e+00,-1.000000000000000000e+00,-1.000000000000000000e+00,-1.000000000000000000e+00,-1.000000000000000000e+00,-1.000000000000000000e+00,-1.000000000000000000e+00,-1.000000000000000000e+00,-1.000000000000000000e+00,-1.000000000000000000e+00,-1.000000000000000000e+00,-1.000000000000000000e+00,-1.000000000000000000e+00,-1.000000000000000000e+00,-1.000000000000000000e+00,-1.000000000000000000e+00,-1.000000000000000000e+00,-1.000000000000000000e+00,-1.000000000000000000e+00,-1.000000000000000000e+00,-1.000000000000000000e+00,-1.000000000000000000e+00,-1.000000000000000000e+00,-1.000000000000000000e+00,-1.000000000000000000e+00,-1.000000000000000000e+00,-1.000000000000000000e+00,-1.000000000000000000e+00,-1.000000000000000000e+00,-1.000000000000000000e+00,-1.000000000000000000e+00,-1.000000000000000000e+00,-1.000000000000000000e+00,-1.000000000000000000e+00,-1.000000000000000000e+00,-1.000000000000000000e+00,-1.000000000000000000e+00,-1.000000000000000000e+00
2.640826702117919922e-01,7.272662520408630371e-01,2.656631465924874647e-07,2.644177079200744629e-01,6.416588425636291504e-01,7.290199864655733109e-03,2.937926948070526123e-01,5.882199406623840332e-01,1.043194206431508064e-03,3.361222743988037109e-01,5.820442438125610352e-01,-9.013238362967967987e-03,3.691135048866271973e-01,6.070826649665832520e-01,-1.677294448018074036e-02,3.174519240856170654e-01,5.362393856048583984e-01,-4.623241256922483444e-03,3.624694049358367920e-01,5.341386795043945312e-01,-1.535444147884845734e-02,3.660312592983245850e-01,5.638769865036010742e-01,-2.182606421411037445e-02,3.580514788627624512e-01,5.784003734588623047e-01,-2.466947026550769806e-02,3.508788049221038818e-01,5.568777322769165039e-01,-1.899329386651515961e-02,4.101814031600952148e-01,5.083606839179992676e-01,-2.529818192124366760e-02,4.443897306919097900e-01,4.711255133152008057e-01,-3.073221631348133087e-02,4.702841043472290039e-01,4.385659396648406982e-01,-3.472969308495521545e-02,3.775210380554199219e-01,5.944920778274536133e-01,-3.195737674832344055e-02,4.075787663459777832e-01,6.071881055831909180e-01,-3.242379799485206604e-02,3.915157616138458252e-01,6.312192082405090332e-01,-2.704665809869766235e-02,3.720245659351348877e-01,6.441109180450439453e-01,-2.276674285531044006e-02,3.964088559150695801e-01,6.436153650283813477e-01,-4.567399621009826660e-02,4.062197208404541016e-01,6.601410508155822754e-01,-3.620937839150428772e-02,3.883172571659088135e-01,6.773433685302734375e-01,-2.081426791846752167e-02,3.719988465309143066e-01,6.855181455612182617e-01,-9.738758206367492676e-03,-1.000000000000000000e+00,-1.000000000000000000e+00,-1.000000000000000000e+00,-1.000000000000000000e+00,-1.000000000000000000e+00,-1.000000000000000000e+00,-1.000000000000000000e+00,-1.000000000000000000e+00,-1.000000000000000000e+00,-1.000000000000000000e+00,-1.000000000000000000e+00,-1.000000000000000000e+00,-1.000000000000000000e+00,-1.000000000000000000e+00,-1.000000000000000000e+00,-1.000000000000000000e+00,-1.000000000000000000e+00,-1.000000000000000000e+00,-1.000000000000000000e+00,-1.000000000000000000e+00,-1.000000000000000000e+00,-1.000000000000000000e+00,-1.000000000000000000e+00,-1.000000000000000000e+00,-1.000000000000000000e+00,-1.000000000000000000e+00,-1.000000000000000000e+00,-1.000000000000000000e+00,-1.000000000000000000e+00,-1.000000000000000000e+00,-1.000000000000000000e+00,-1.000000000000000000e+00,-1.000000000000000000e+00,-1.000000000000000000e+00,-1.000000000000000000e+00,-1.000000000000000000e+00,-1.000000000000000000e+00,-1.000000000000000000e+00,-1.000000000000000000e+00,-1.000000000000000000e+00,-1.000000000000000000e+00,-1.000000000000000000e+00,-1.000000000000000000e+00,-1.000000000000000000e+00,-1.000000000000000000e+00,-1.000000000000000000e+00,-1.000000000000000000e+00,-1.000000000000000000e+00,-1.000000000000000000e+00,-1.000000000000000000e+00,-1.000000000000000000e+00,-1.000000000000000000e+00,-1.000000000000000000e+00,-1.000000000000000000e+00,-1.000000000000000000e+00,-1.000000000000000000e+00,-1.000000000000000000e+00,-1.000000000000000000e+00,-1.000000000000000000e+00,-1.000000000000000000e+00,-1.000000000000000000e+00,-1.000000000000000000e+00,-1.000000000000000000e+00
2.640826702117919922e-01,7.272662520408630371e-01,2.656631465924874647e-07,2.644177079200744629e-01,6.416588425636291504e-01,7.290199864655733109e-03,2.937926948070526123e-01,5.882199406623840332e-01,1.043194206431508064e-03,3.361222743988037109e-01,5.820442438125610352e-01,-9.013238362967967987e-03,3.691135048866271973e-01,6.070826649665832520e-01,-1.677294448018074036e-02,3.174519240856170654e-01,5.362393856048583984e-01,-4.623241256922483444e-03,3.624694049358367920e-01,5.341386795043945312e-01,-1.535444147884845734e-02,3.660312592983245850e-01,5.638769865036010742e-01,-2.182606421411037445e-02,3.580514788627624512e-01,5.784003734588623047e-01,-2.466947026550769806e-02,3.508788049221038818e-01,5.568777322769165039e-01,-1.899329386651515961e-02,4.101814031600952148e-01,5.083606839179992676e-01,-2.529818192124366760e-02,4.443897306919097900e-01,4.711255133152008057e-01,-3.073221631348133087e-02,4.702841043472290039e-01,4.385659396648406982e-01,-3.472969308495521545e-02,3.775210380554199219e-01,5.944920778274536133e-01,-3.195737674832344055e-02,4.075787663459777832e-01,6.071881055831909180e-01,-3.242379799485206604e-02,3.915157616138458252e-01,6.312192082405090332e-01,-2.704665809869766235e-02,3.720245659351348877e-01,6.441109180450439453e-01,-2.276674285531044006e-02,3.964088559150695801e-01,6.436153650283813477e-01,-4.567399621009826660e-02,4.062197208404541016e-01,6.601410508155822754e-01,-3.620937839150428772e-02,3.883172571659088135e-01,6.773433685302734375e-01,-2.081426791846752167e-02,3.719988465309143066e-01,6.855181455612182617e-01,-9.738758206367492676e-03,-1.000000000000000000e+00,-1.000000000000000000e+00,-1.000000000000000000e+00,-1.000000000000000000e+00,-1.000000000000000000e+00,-1.000000000000000000e+00,-1.000000000000000000e+00,-1.000000000000000000e+00,-1.000000000000000000e+00,-1.000000000000000000e+00,-1.000000000000000000e+00,-1.000000000000000000e+00,-1.000000000000000000e+00,-1.000000000000000000e+00,-1.000000000000000000e+00,-1.000000000000000000e+00,-1.000000000000000000e+00,-1.000000000000000000e+00,-1.000000000000000000e+00,-1.000000000000000000e+00,-1.000000000000000000e+00,-1.000000000000000000e+00,-1.000000000000000000e+00,-1.000000000000000000e+00,-1.000000000000000000e+00,-1.000000000000000000e+00,-1.000000000000000000e+00,-1.000000000000000000e+00,-1.000000000000000000e+00,-1.000000000000000000e+00,-1.000000000000000000e+00,-1.000000000000000000e+00,-1.000000000000000000e+00,-1.000000000000000000e+00,-1.000000000000000000e+00,-1.000000000000000000e+00,-1.000000000000000000e+00,-1.000000000000000000e+00,-1.000000000000000000e+00,-1.000000000000000000e+00,-1.000000000000000000e+00,-1.000000000000000000e+00,-1.000000000000000000e+00,-1.000000000000000000e+00,-1.000000000000000000e+00,-1.000000000000000000e+00,-1.000000000000000000e+00,-1.000000000000000000e+00,-1.000000000000000000e+00,-1.000000000000000000e+00,-1.000000000000000000e+00,-1.000000000000000000e+00,-1.000000000000000000e+00,-1.000000000000000000e+00,-1.000000000000000000e+00,-1.000000000000000000e+00,-1.000000000000000000e+00,-1.000000000000000000e+00,-1.000000000000000000e+00,-1.000000000000000000e+00,-1.000000000000000000e+00,-1.000000000000000000e+00,-1.000000000000000000e+00
2.623665928840637207e-01,7.259315848350524902e-01,2.682893125438567949e-07,2.637524008750915527e-01,6.395508050918579102e-01,9.522967971861362457e-03,2.934507131576538086e-01,5.861334800720214844e-01,4.489829298108816147e-03,3.351606726646423340e-01,5.807825326919555664e-01,-4.807126708328723907e-03,3.674979209899902344e-01,6.059667468070983887e-01,-1.183673087507486343e-02,3.154708743095397949e-01,5.335528254508972168e-01,-1.818203250877559185e-03,3.646941781044006348e-01,5.328482985496520996e-01,-1.176428794860839844e-02,3.687525987625122070e-01,5.647479891777038574e-01,-1.720294542610645294e-02,3.600700497627258301e-01,5.821381807327270508e-01,-1.904918067157268524e-02,3.498618006706237793e-01,5.540210008621215820e-01,-1.679698005318641663e-02,4.101780354976654053e-01,5.068665146827697754e-01,-2.202814258635044098e-02,4.444158971309661865e-01,4.705704748630523682e-01,-2.676737494766712189e-02,4.690163135528564453e-01,4.394972026348114014e-01,-3.008633852005004883e-02,3.769319355487823486e-01,5.914579033851623535e-01,-3.033769503235816956e-02,4.084509611129760742e-01,6.044239401817321777e-01,-2.996773831546306610e-02,3.927254080772399902e-01,6.305437684059143066e-01,-2.465494163334369659e-02,3.725895583629608154e-01,6.442748308181762695e-01,-2.031156793236732483e-02,3.964049816131591797e-01,6.407772302627563477e-01,-4.438653960824012756e-02,4.070479273796081543e-01,6.597753167152404785e-01,-3.458329290151596069e-02,3.891481161117553711e-01,6.786428093910217285e-01,-1.961365342140197754e-02,3.723438680171966553e-01,6.876922249794006348e-01,-8.611205965280532837e-03,-1.000000000000000000e+00,-1.000000000000000000e+00,-1.000000000000000000e+00,-1.000000000000000000e+00,-1.000000000000000000e+00,-1.000000000000000000e+00,-1.000000000000000000e+00,-1.000000000000000000e+00,-1.000000000000000000e+00,-1.000000000000000000e+00,-1.000000000000000000e+00,-1.000000000000000000e+00,-1.000000000000000000e+00,-1.000000000000000000e+00,-1.000000000000000000e+00,-1.000000000000000000e+00,-1.000000000000000000e+00,-1.000000000000000000e+00,-1.000000000000000000e+00,-1.000000000000000000e+00,-1.000000000000000000e+00,-1.000000000000000000e+00,-1.000000000000000000e+00,-1.000000000000000000e+00,-1.000000000000000000e+00,-1.000000000000000000e+00,-1.000000000000000000e+00,-1.000000000000000000e+00,-1.000000000000000000e+00,-1.000000000000000000e+00,-1.000000000000000000e+00,-1.000000000000000000e+00,-1.000000000000000000e+00,-1.000000000000000000e+00,-1.000000000000000000e+00,-1.000000000000000000e+00,-1.000000000000000000e+00,-1.000000000000000000e+00,-1.000000000000000000e+00,-1.000000000000000000e+00,-1.000000000000000000e+00,-1.000000000000000000e+00,-1.000000000000000000e+00,-1.000000000000000000e+00,-1.000000000000000000e+00,-1.000000000000000000e+00,-1.000000000000000000e+00,-1.000000000000000000e+00,-1.000000000000000000e+00,-1.000000000000000000e+00,-1.000000000000000000e+00,-1.000000000000000000e+00,-1.000000000000000000e+00,-1.000000000000000000e+00,-1.000000000000000000e+00,-1.000000000000000000e+00,-1.000000000000000000e+00,-1.000000000000000000e+00,-1.000000000000000000e+00,-1.000000000000000000e+00,-1.000000000000000000e+00,-1.000000000000000000e+00,-1.000000000000000000e+00
2.616343200206756592e-01,7.266706228256225586e-01,2.617159111650835257e-07,2.643873691558837891e-01,6.389603614807128906e-01,1.001413445919752121e-02,2.950180768966674805e-01,5.853472948074340820e-01,4.966208711266517639e-03,3.368321657180786133e-01,5.810565948486328125e-01,-4.520369693636894226e-03,3.690758049488067627e-01,6.076992154121398926e-01,-1.174069941043853760e-02,3.158388733863830566e-01,5.327811837196350098e-01,-1.479056780226528645e-03,3.660708069801330566e-01,5.331400632858276367e-01,-1.178914215415716171e-02,3.703271448612213135e-01,5.653950572013854980e-01,-1.758289895951747894e-02,3.616903722286224365e-01,5.828478932380676270e-01,-1.968707144260406494e-02,3.503904938697814941e-01,5.534090995788574219e-01,-1.689991727471351624e-02,4.108599722385406494e-01,5.067242980003356934e-01,-2.212036214768886566e-02,4.453098773956298828e-01,4.705418944358825684e-01,-2.698066458106040955e-02,4.698583483695983887e-01,4.394010305404663086e-01,-3.048338927328586578e-02,3.775455951690673828e-01,5.910803079605102539e-01,-3.090651519596576691e-02,4.087723493576049805e-01,6.048522591590881348e-01,-3.025487810373306274e-02,3.930301070213317871e-01,6.309140324592590332e-01,-2.501302585005760193e-02,3.726607561111450195e-01,6.442582011222839355e-01,-2.089051343500614166e-02,3.970164656639099121e-01,6.409607529640197754e-01,-4.545056447386741638e-02,4.068960547447204590e-01,6.603482961654663086e-01,-3.543392941355705261e-02,3.890716433525085449e-01,6.793118119239807129e-01,-2.055357024073600769e-02,3.722586929798126221e-01,6.882254481315612793e-01,-9.727929718792438507e-03,-1.000000000000000000e+00,-1.000000000000000000e+00,-1.000000000000000000e+00,-1.000000000000000000e+00,-1.000000000000000000e+00,-1.000000000000000000e+00,-1.000000000000000000e+00,-1.000000000000000000e+00,-1.000000000000000000e+00,-1.000000000000000000e+00,-1.000000000000000000e+00,-1.000000000000000000e+00,-1.000000000000000000e+00,-1.000000000000000000e+00,-1.000000000000000000e+00,-1.000000000000000000e+00,-1.000000000000000000e+00,-1.000000000000000000e+00,-1.000000000000000000e+00,-1.000000000000000000e+00,-1.000000000000000000e+00,-1.000000000000000000e+00,-1.000000000000000000e+00,-1.000000000000000000e+00,-1.000000000000000000e+00,-1.000000000000000000e+00,-1.000000000000000000e+00,-1.000000000000000000e+00,-1.000000000000000000e+00,-1.000000000000000000e+00,-1.000000000000000000e+00,-1.000000000000000000e+00,-1.000000000000000000e+00,-1.000000000000000000e+00,-1.000000000000000000e+00,-1.000000000000000000e+00,-1.000000000000000000e+00,-1.000000000000000000e+00,-1.000000000000000000e+00,-1.000000000000000000e+00,-1.000000000000000000e+00,-1.000000000000000000e+00,-1.000000000000000000e+00,-1.000000000000000000e+00,-1.000000000000000000e+00,-1.000000000000000000e+00,-1.000000000000000000e+00,-1.000000000000000000e+00,-1.000000000000000000e+00,-1.000000000000000000e+00,-1.000000000000000000e+00,-1.000000000000000000e+00,-1.000000000000000000e+00,-1.000000000000000000e+00,-1.000000000000000000e+00,-1.000000000000000000e+00,-1.000000000000000000e+00,-1.000000000000000000e+00,-1.000000000000000000e+00,-1.000000000000000000e+00,-1.000000000000000000e+00,-1.000000000000000000e+00,-1.000000000000000000e+00
2.616343200206756592e-01,7.266706228256225586e-01,2.617159111650835257e-07,2.643873691558837891e-01,6.389603614807128906e-01,1.001413445919752121e-02,2.950180768966674805e-01,5.853472948074340820e-01,4.966208711266517639e-03,3.368321657180786133e-01,5.810565948486328125e-01,-4.520369693636894226e-03,3.690758049488067627e-01,6.076992154121398926e-01,-1.174069941043853760e-02,3.158388733863830566e-01,5.327811837196350098e-01,-1.479056780226528645e-03,3.660708069801330566e-01,5.331400632858276367e-01,-1.178914215415716171e-02,3.703271448612213135e-01,5.653950572013854980e-01,-1.758289895951747894e-02,3.616903722286224365e-01,5.828478932380676270e-01,-1.968707144260406494e-02,3.503904938697814941e-01,5.534090995788574219e-01,-1.689991727471351624e-02,4.108599722385406494e-01,5.067242980003356934e-01,-2.212036214768886566e-02,4.453098773956298828e-01,4.705418944358825684e-01,-2.698066458106040955e-02,4.698583483695983887e-01,4.394010305404663086e-01,-3.048338927328586578e-02,3.775455951690673828e-01,5.910803079605102539e-01,-3.090651519596576691e-02,4.087723493576049805e-01,6.048522591590881348e-01,-3.025487810373306274e-02,3.930301070213317871e-01,6.309140324592590332e-01,-2.501302585005760193e-02,3.726607561111450195e-01,6.442582011222839355e-01,-2.089051343500614166e-02,3.970164656639099121e-01,6.409607529640197754e-01,-4.545056447386741638e-02,4.068960547447204590e-01,6.603482961654663086e-01,-3.543392941355705261e-02,3.890716433525085449e-01,6.793118119239807129e-01,-2.055357024073600769e-02,3.722586929798126221e-01,6.882254481315612793e-01,-9.727929718792438507e-03,-1.000000000000000000e+00,-1.000000000000000000e+00,-1.000000000000000000e+00,-1.000000000000000000e+00,-1.000000000000000000e+00,-1.000000000000000000e+00,-1.000000000000000000e+00,-1.000000000000000000e+00,-1.000000000000000000e+00,-1.000000000000000000e+00,-1.000000000000000000e+00,-1.000000000000000000e+00,-1.000000000000000000e+00,-1.000000000000000000e+00,-1.000000000000000000e+00,-1.000000000000000000e+00,-1.000000000000000000e+00,-1.000000000000000000e+00,-1.000000000000000000e+00,-1.000000000000000000e+00,-1.000000000000000000e+00,-1.000000000000000000e+00,-1.000000000000000000e+00,-1.000000000000000000e+00,-1.000000000000000000e+00,-1.000000000000000000e+00,-1.000000000000000000e+00,-1.000000000000000000e+00,-1.000000000000000000e+00,-1.000000000000000000e+00,-1.000000000000000000e+00,-1.000000000000000000e+00,-1.000000000000000000e+00,-1.000000000000000000e+00,-1.000000000000000000e+00,-1.000000000000000000e+00,-1.000000000000000000e+00,-1.000000000000000000e+00,-1.000000000000000000e+00,-1.000000000000000000e+00,-1.000000000000000000e+00,-1.000000000000000000e+00,-1.000000000000000000e+00,-1.000000000000000000e+00,-1.000000000000000000e+00,-1.000000000000000000e+00,-1.000000000000000000e+00,-1.000000000000000000e+00,-1.000000000000000000e+00,-1.000000000000000000e+00,-1.000000000000000000e+00,-1.000000000000000000e+00,-1.000000000000000000e+00,-1.000000000000000000e+00,-1.000000000000000000e+00,-1.000000000000000000e+00,-1.000000000000000000e+00,-1.000000000000000000e+00,-1.000000000000000000e+00,-1.000000000000000000e+00,-1.000000000000000000e+00,-1.000000000000000000e+00,-1.000000000000000000e+00
2.556452751159667969e-01,7.252053022384643555e-01,2.609559714983333834e-07,2.572773098945617676e-01,6.407970786094665527e-01,8.414275012910366058e-03,2.883759438991546631e-01,5.865899324417114258e-01,3.483346896246075630e-03,3.321977555751800537e-01,5.802904367446899414e-01,-5.883345380425453186e-03,3.638267517089843750e-01,6.033077239990234375e-01,-1.260348968207836151e-02,3.081293702125549316e-01,5.301206111907958984e-01,1.729445299133658409e-03,3.589037060737609863e-01,5.322586297988891602e-01,-9.287524037063121796e-03,3.628968596458435059e-01,5.656881332397460938e-01,-1.639883592724800110e-02,3.540005981922149658e-01,5.818211436271667480e-01,-1.939717493951320648e-02,3.417874872684478760e-01,5.486232042312622070e-01,-1.348002254962921143e-02,4.040352702140808105e-01,5.059400796890258789e-01,-1.981534250080585480e-02,4.380973279476165771e-01,4.694518446922302246e-01,-2.606749907135963440e-02,4.628422856330871582e-01,4.354970455169677734e-01,-3.041252866387367249e-02,3.683621585369110107e-01,5.848485231399536133e-01,-2.796752005815505981e-02,4.036328792572021484e-01,6.027336716651916504e-01,-3.031378053128719330e-02,3.875721991062164307e-01,6.305853128433227539e-01,-2.690738998353481293e-02,3.677126169204711914e-01,6.435807347297668457e-01,-2.324776537716388702e-02,3.882224559783935547e-01,6.335043311119079590e-01,-4.305173084139823914e-02,4.017263650894165039e-01,6.566209793090820312e-01,-3.527458757162094116e-02,3.830641508102416992e-01,6.763372421264648438e-01,-2.188819833099842072e-02,3.660888075828552246e-01,6.836513280868530273e-01,-1.192649640142917633e-02,-1.000000000000000000e+00,-1.000000000000000000e+00,-1.000000000000000000e+00,-1.000000000000000000e+00,-1.000000000000000000e+00,-1.000000000000000000e+00,-1.000000000000000000e+00,-1.000000000000000000e+00,-1.000000000000000000e+00,-1.000000000000000000e+00,-1.000000000000000000e+00,-1.000000000000000000e+00,-1.000000000000000000e+00,-1.000000000000000000e+00,-1.000000000000000000e+00,-1.000000000000000000e+00,-1.000000000000000000e+00,-1.000000000000000000e+00,-1.000000000000000000e+00,-1.000000000000000000e+00,-1.000000000000000000e+00,-1.000000000000000000e+00,-1.000000000000000000e+00,-1.000000000000000000e+00,-1.000000000000000000e+00,-1.000000000000000000e+00,-1.000000000000000000e+00,-1.000000000000000000e+00,-1.000000000000000000e+00,-1.000000000000000000e+00,-1.000000000000000000e+00,-1.000000000000000000e+00,-1.000000000000000000e+00,-1.000000000000000000e+00,-1.000000000000000000e+00,-1.000000000000000000e+00,-1.000000000000000000e+00,-1.000000000000000000e+00,-1.000000000000000000e+00,-1.000000000000000000e+00,-1.000000000000000000e+00,-1.000000000000000000e+00,-1.000000000000000000e+00,-1.000000000000000000e+00,-1.000000000000000000e+00,-1.000000000000000000e+00,-1.000000000000000000e+00,-1.000000000000000000e+00,-1.000000000000000000e+00,-1.000000000000000000e+00,-1.000000000000000000e+00,-1.000000000000000000e+00,-1.000000000000000000e+00,-1.000000000000000000e+00,-1.000000000000000000e+00,-1.000000000000000000e+00,-1.000000000000000000e+00,-1.000000000000000000e+00,-1.000000000000000000e+00,-1.000000000000000000e+00,-1.000000000000000000e+00,-1.000000000000000000e+00,-1.000000000000000000e+00
2.556452751159667969e-01,7.252053022384643555e-01,2.609559714983333834e-07,2.572773098945617676e-01,6.407970786094665527e-01,8.414275012910366058e-03,2.883759438991546631e-01,5.865899324417114258e-01,3.483346896246075630e-03,3.321977555751800537e-01,5.802904367446899414e-01,-5.883345380425453186e-03,3.638267517089843750e-01,6.033077239990234375e-01,-1.260348968207836151e-02,3.081293702125549316e-01,5.301206111907958984e-01,1.729445299133658409e-03,3.589037060737609863e-01,5.322586297988891602e-01,-9.287524037063121796e-03,3.628968596458435059e-01,5.656881332397460938e-01,-1.639883592724800110e-02,3.540005981922149658e-01,5.818211436271667480e-01,-1.939717493951320648e-02,3.417874872684478760e-01,5.486232042312622070e-01,-1.348002254962921143e-02,4.040352702140808105e-01,5.059400796890258789e-01,-1.981534250080585480e-02,4.380973279476165771e-01,4.694518446922302246e-01,-2.606749907135963440e-02,4.628422856330871582e-01,4.354970455169677734e-01,-3.041252866387367249e-02,3.683621585369110107e-01,5.848485231399536133e-01,-2.796752005815505981e-02,4.036328792572021484e-01,6.027336716651916504e-01,-3.031378053128719330e-02,3.875721991062164307e-01,6.305853128433227539e-01,-2.690738998353481293e-02,3.677126169204711914e-01,6.435807347297668457e-01,-2.324776537716388702e-02,3.882224559783935547e-01,6.335043311119079590e-01,-4.305173084139823914e-02,4.017263650894165039e-01,6.566209793090820312e-01,-3.527458757162094116e-02,3.830641508102416992e-01,6.763372421264648438e-01,-2.188819833099842072e-02,3.660888075828552246e-01,6.836513280868530273e-01,-1.192649640142917633e-02,-1.000000000000000000e+00,-1.000000000000000000e+00,-1.000000000000000000e+00,-1.000000000000000000e+00,-1.000000000000000000e+00,-1.000000000000000000e+00,-1.000000000000000000e+00,-1.000000000000000000e+00,-1.000000000000000000e+00,-1.000000000000000000e+00,-1.000000000000000000e+00,-1.000000000000000000e+00,-1.000000000000000000e+00,-1.000000000000000000e+00,-1.000000000000000000e+00,-1.000000000000000000e+00,-1.000000000000000000e+00,-1.000000000000000000e+00,-1.000000000000000000e+00,-1.000000000000000000e+00,-1.000000000000000000e+00,-1.000000000000000000e+00,-1.000000000000000000e+00,-1.000000000000000000e+00,-1.000000000000000000e+00,-1.000000000000000000e+00,-1.000000000000000000e+00,-1.000000000000000000e+00,-1.000000000000000000e+00,-1.000000000000000000e+00,-1.000000000000000000e+00,-1.000000000000000000e+00,-1.000000000000000000e+00,-1.000000000000000000e+00,-1.000000000000000000e+00,-1.000000000000000000e+00,-1.000000000000000000e+00,-1.000000000000000000e+00,-1.000000000000000000e+00,-1.000000000000000000e+00,-1.000000000000000000e+00,-1.000000000000000000e+00,-1.000000000000000000e+00,-1.000000000000000000e+00,-1.000000000000000000e+00,-1.000000000000000000e+00,-1.000000000000000000e+00,-1.000000000000000000e+00,-1.000000000000000000e+00,-1.000000000000000000e+00,-1.000000000000000000e+00,-1.000000000000000000e+00,-1.000000000000000000e+00,-1.000000000000000000e+00,-1.000000000000000000e+00,-1.000000000000000000e+00,-1.000000000000000000e+00,-1.000000000000000000e+00,-1.000000000000000000e+00,-1.000000000000000000e+00,-1.000000000000000000e+00,-1.000000000000000000e+00,-1.000000000000000000e+00
2.549194693565368652e-01,7.243817448616027832e-01,2.791914539557183161e-07,2.595936655998229980e-01,6.373953223228454590e-01,8.974063210189342499e-03,2.917510271072387695e-01,5.845798850059509277e-01,2.507334109395742416e-03,3.348927795886993408e-01,5.811497569084167480e-01,-8.841902948915958405e-03,3.668468892574310303e-01,6.076643466949462891e-01,-1.798914000391960144e-02,3.095592260360717773e-01,5.326755046844482422e-01,6.248621502891182899e-05,3.590911030769348145e-01,5.339710116386413574e-01,-1.341443043202161789e-02,3.625953197479248047e-01,5.660668015480041504e-01,-2.240143157541751862e-02,3.535374104976654053e-01,5.829116106033325195e-01,-2.673877961933612823e-02,3.427549302577972412e-01,5.496670603752136230e-01,-1.673766039311885834e-02,4.057723581790924072e-01,5.052925348281860352e-01,-2.454624511301517487e-02,4.394142031669616699e-01,4.679651856422424316e-01,-3.181253746151924133e-02,4.639648199081420898e-01,4.340650439262390137e-01,-3.686374798417091370e-02,3.692241013050079346e-01,5.849256515502929688e-01,-3.275680169463157654e-02,4.036308228969573975e-01,6.024861335754394531e-01,-3.583857789635658264e-02,3.862542212009429932e-01,6.302681565284729004e-01,-3.256233036518096924e-02,3.663263618946075439e-01,6.431805491447448730e-01,-2.925059944391250610e-02,3.894191086292266846e-01,6.339200735092163086e-01,-4.939961433410644531e-02,4.000578224658966064e-01,6.584218144416809082e-01,-4.272360354661941528e-02,3.803516328334808350e-01,6.784337759017944336e-01,-2.943612448871135712e-02,3.635976314544677734e-01,6.858793497085571289e-01,-1.959969848394393921e-02,-1.000000000000000000e+00,-1.000000000000000000e+00,-1.000000000000000000e+00,-1.000000000000000000e+00,-1.000000000000000000e+00,-1.000000000000000000e+00,-1.000000000000000000e+00,-1.000000000000000000e+00,-1.000000000000000000e+00,-1.000000000000000000e+00,-1.000000000000000000e+00,-1.000000000000000000e+00,-1.000000000000000000e+00,-1.000000000000000000e+00,-1.000000000000000000e+00,-1.000000000000000000e+00,-1.000000000000000000e+00,-1.000000000000000000e+00,-1.000000000000000000e+00,-1.000000000000000000e+00,-1.000000000000000000e+00,-1.000000000000000000e+00,-1.000000000000000000e+00,-1.000000000000000000e+00,-1.000000000000000000e+00,-1.000000000000000000e+00,-1.000000000000000000e+00,-1.000000000000000000e+00,-1.000000000000000000e+00,-1.000000000000000000e+00,-1.000000000000000000e+00,-1.000000000000000000e+00,-1.000000000000000000e+00,-1.000000000000000000e+00,-1.000000000000000000e+00,-1.000000000000000000e+00,-1.000000000000000000e+00,-1.000000000000000000e+00,-1.000000000000000000e+00,-1.000000000000000000e+00,-1.000000000000000000e+00,-1.000000000000000000e+00,-1.000000000000000000e+00,-1.000000000000000000e+00,-1.000000000000000000e+00,-1.000000000000000000e+00,-1.000000000000000000e+00,-1.000000000000000000e+00,-1.000000000000000000e+00,-1.000000000000000000e+00,-1.000000000000000000e+00,-1.000000000000000000e+00,-1.000000000000000000e+00,-1.000000000000000000e+00,-1.000000000000000000e+00,-1.000000000000000000e+00,-1.000000000000000000e+00,-1.000000000000000000e+00,-1.000000000000000000e+00,-1.000000000000000000e+00,-1.000000000000000000e+00,-1.000000000000000000e+00,-1.000000000000000000e+00
2.549194693565368652e-01,7.243817448616027832e-01,2.791914539557183161e-07,2.595936655998229980e-01,6.373953223228454590e-01,8.974063210189342499e-03,2.917510271072387695e-01,5.845798850059509277e-01,2.507334109395742416e-03,3.348927795886993408e-01,5.811497569084167480e-01,-8.841902948915958405e-03,3.668468892574310303e-01,6.076643466949462891e-01,-1.798914000391960144e-02,3.095592260360717773e-01,5.326755046844482422e-01,6.248621502891182899e-05,3.590911030769348145e-01,5.339710116386413574e-01,-1.341443043202161789e-02,3.625953197479248047e-01,5.660668015480041504e-01,-2.240143157541751862e-02,3.535374104976654053e-01,5.829116106033325195e-01,-2.673877961933612823e-02,3.427549302577972412e-01,5.496670603752136230e-01,-1.673766039311885834e-02,4.057723581790924072e-01,5.052925348281860352e-01,-2.454624511301517487e-02,4.394142031669616699e-01,4.679651856422424316e-01,-3.181253746151924133e-02,4.639648199081420898e-01,4.340650439262390137e-01,-3.686374798417091370e-02,3.692241013050079346e-01,5.849256515502929688e-01,-3.275680169463157654e-02,4.036308228969573975e-01,6.024861335754394531e-01,-3.583857789635658264e-02,3.862542212009429932e-01,6.302681565284729004e-01,-3.256233036518096924e-02,3.663263618946075439e-01,6.431805491447448730e-01,-2.925059944391250610e-02,3.894191086292266846e-01,6.339200735092163086e-01,-4.939961433410644531e-02,4.000578224658966064e-01,6.584218144416809082e-01,-4.272360354661941528e-02,3.803516328334808350e-01,6.784337759017944336e-01,-2.943612448871135712e-02,3.635976314544677734e-01,6.858793497085571289e-01,-1.959969848394393921e-02,-1.000000000000000000e+00,-1.000000000000000000e+00,-1.000000000000000000e+00,-1.000000000000000000e+00,-1.000000000000000000e+00,-1.000000000000000000e+00,-1.000000000000000000e+00,-1.000000000000000000e+00,-1.000000000000000000e+00,-1.000000000000000000e+00,-1.000000000000000000e+00,-1.000000000000000000e+00,-1.000000000000000000e+00,-1.000000000000000000e+00,-1.000000000000000000e+00,-1.000000000000000000e+00,-1.000000000000000000e+00,-1.000000000000000000e+00,-1.000000000000000000e+00,-1.000000000000000000e+00,-1.000000000000000000e+00,-1.000000000000000000e+00,-1.000000000000000000e+00,-1.000000000000000000e+00,-1.000000000000000000e+00,-1.000000000000000000e+00,-1.000000000000000000e+00,-1.000000000000000000e+00,-1.000000000000000000e+00,-1.000000000000000000e+00,-1.000000000000000000e+00,-1.000000000000000000e+00,-1.000000000000000000e+00,-1.000000000000000000e+00,-1.000000000000000000e+00,-1.000000000000000000e+00,-1.000000000000000000e+00,-1.000000000000000000e+00,-1.000000000000000000e+00,-1.000000000000000000e+00,-1.000000000000000000e+00,-1.000000000000000000e+00,-1.000000000000000000e+00,-1.000000000000000000e+00,-1.000000000000000000e+00,-1.000000000000000000e+00,-1.000000000000000000e+00,-1.000000000000000000e+00,-1.000000000000000000e+00,-1.000000000000000000e+00,-1.000000000000000000e+00,-1.000000000000000000e+00,-1.000000000000000000e+00,-1.000000000000000000e+00,-1.000000000000000000e+00,-1.000000000000000000e+00,-1.000000000000000000e+00,-1.000000000000000000e+00,-1.000000000000000000e+00,-1.000000000000000000e+00,-1.000000000000000000e+00,-1.000000000000000000e+00,-1.000000000000000000e+00
2.553603053092956543e-01,7.239463925361633301e-01,2.694328031793702394e-07,2.559386789798736572e-01,6.400987505912780762e-01,7.711063139140605927e-03,2.863464355468750000e-01,5.868571400642395020e-01,2.143171150237321854e-03,3.306196630001068115e-01,5.807718038558959961e-01,-7.233632728457450867e-03,3.623479604721069336e-01,6.053104996681213379e-01,-1.430293451994657516e-02,3.077577650547027588e-01,5.309063196182250977e-01,-2.676788484677672386e-03,3.561040759086608887e-01,5.325869321823120117e-01,-1.236142683774232864e-02,3.600783944129943848e-01,5.640774965286254883e-01,-1.858408004045486450e-02,3.520421385765075684e-01,5.792422890663146973e-01,-2.134625986218452454e-02,3.413722217082977295e-01,5.506555438041687012e-01,-1.683602668344974518e-02,4.025593400001525879e-01,5.059615969657897949e-01,-2.148435451090335846e-02,4.367615282535552979e-01,4.676702022552490234e-01,-2.654243633151054382e-02,4.620596468448638916e-01,4.332395792007446289e-01,-3.070385567843914032e-02,3.677270114421844482e-01,5.874431729316711426e-01,-2.973756194114685059e-02,3.999897539615631104e-01,6.013108491897583008e-01,-2.923218905925750732e-02,3.843252658843994141e-01,6.261629462242126465e-01,-2.446531131863594055e-02,3.653103113174438477e-01,6.395816802978515625e-01,-2.089552581310272217e-02,3.864129185676574707e-01,6.356676816940307617e-01,-4.333566129207611084e-02,3.972659707069396973e-01,6.529148817062377930e-01,-3.355625271797180176e-02,3.797391355037689209e-01,6.706265211105346680e-01,-1.903643645346164703e-02,3.643668293952941895e-01,6.787365674972534180e-01,-8.825291879475116730e-03,-1.000000000000000000e+00,-1.000000000000000000e+00,-1.000000000000000000e+00,-1.000000000000000000e+00,-1.000000000000000000e+00,-1.000000000000000000e+00,-1.000000000000000000e+00,-1.000000000000000000e+00,-1.000000000000000000e+00,-1.000000000000000000e+00,-1.000000000000000000e+00,-1.000000000000000000e+00,-1.000000000000000000e+00,-1.000000000000000000e+00,-1.000000000000000000e+00,-1.000000000000000000e+00,-1.000000000000000000e+00,-1.000000000000000000e+00,-1.000000000000000000e+00,-1.000000000000000000e+00,-1.000000000000000000e+00,-1.000000000000000000e+00,-1.000000000000000000e+00,-1.000000000000000000e+00,-1.000000000000000000e+00,-1.000000000000000000e+00,-1.000000000000000000e+00,-1.000000000000000000e+00,-1.000000000000000000e+00,-1.000000000000000000e+00,-1.000000000000000000e+00,-1.000000000000000000e+00,-1.000000000000000000e+00,-1.000000000000000000e+00,-1.000000000000000000e+00,-1.000000000000000000e+00,-1.000000000000000000e+00,-1.000000000000000000e+00,-1.000000000000000000e+00,-1.000000000000000000e+00,-1.000000000000000000e+00,-1.000000000000000000e+00,-1.000000000000000000e+00,-1.000000000000000000e+00,-1.000000000000000000e+00,-1.000000000000000000e+00,-1.000000000000000000e+00,-1.000000000000000000e+00,-1.000000000000000000e+00,-1.000000000000000000e+00,-1.000000000000000000e+00,-1.000000000000000000e+00,-1.000000000000000000e+00,-1.000000000000000000e+00,-1.000000000000000000e+00,-1.000000000000000000e+00,-1.000000000000000000e+00,-1.000000000000000000e+00,-1.000000000000000000e+00,-1.000000000000000000e+00,-1.000000000000000000e+00,-1.000000000000000000e+00,-1.000000000000000000e+00
2.553603053092956543e-01,7.239463925361633301e-01,2.694328031793702394e-07,2.559386789798736572e-01,6.400987505912780762e-01,7.711063139140605927e-03,2.863464355468750000e-01,5.868571400642395020e-01,2.143171150237321854e-03,3.306196630001068115e-01,5.807718038558959961e-01,-7.233632728457450867e-03,3.623479604721069336e-01,6.053104996681213379e-01,-1.430293451994657516e-02,3.077577650547027588e-01,5.309063196182250977e-01,-2.676788484677672386e-03,3.561040759086608887e-01,5.325869321823120117e-01,-1.236142683774232864e-02,3.600783944129943848e-01,5.640774965286254883e-01,-1.858408004045486450e-02,3.520421385765075684e-01,5.792422890663146973e-01,-2.134625986218452454e-02,3.413722217082977295e-01,5.506555438041687012e-01,-1.683602668344974518e-02,4.025593400001525879e-01,5.059615969657897949e-01,-2.148435451090335846e-02,4.367615282535552979e-01,4.676702022552490234e-01,-2.654243633151054382e-02,4.620596468448638916e-01,4.332395792007446289e-01,-3.070385567843914032e-02,3.677270114421844482e-01,5.874431729316711426e-01,-2.973756194114685059e-02,3.999897539615631104e-01,6.013108491897583008e-01,-2.923218905925750732e-02,3.843252658843994141e-01,6.261629462242126465e-01,-2.446531131863594055e-02,3.653103113174438477e-01,6.395816802978515625e-01,-2.089552581310272217e-02,3.864129185676574707e-01,6.356676816940307617e-01,-4.333566129207611084e-02,3.972659707069396973e-01,6.529148817062377930e-01,-3.355625271797180176e-02,3.797391355037689209e-01,6.706265211105346680e-01,-1.903643645346164703e-02,3.643668293952941895e-01,6.787365674972534180e-01,-8.825291879475116730e-03,-1.000000000000000000e+00,-1.000000000000000000e+00,-1.000000000000000000e+00,-1.000000000000000000e+00,-1.000000000000000000e+00,-1.000000000000000000e+00,-1.000000000000000000e+00,-1.000000000000000000e+00,-1.000000000000000000e+00,-1.000000000000000000e+00,-1.000000000000000000e+00,-1.000000000000000000e+00,-1.000000000000000000e+00,-1.000000000000000000e+00,-1.000000000000000000e+00,-1.000000000000000000e+00,-1.000000000000000000e+00,-1.000000000000000000e+00,-1.000000000000000000e+00,-1.000000000000000000e+00,-1.000000000000000000e+00,-1.000000000000000000e+00,-1.000000000000000000e+00,-1.000000000000000000e+00,-1.000000000000000000e+00,-1.000000000000000000e+00,-1.000000000000000000e+00,-1.000000000000000000e+00,-1.000000000000000000e+00,-1.000000000000000000e+00,-1.000000000000000000e+00,-1.000000000000000000e+00,-1.000000000000000000e+00,-1.000000000000000000e+00,-1.000000000000000000e+00,-1.000000000000000000e+00,-1.000000000000000000e+00,-1.000000000000000000e+00,-1.000000000000000000e+00,-1.000000000000000000e+00,-1.000000000000000000e+00,-1.000000000000000000e+00,-1.000000000000000000e+00,-1.000000000000000000e+00,-1.000000000000000000e+00,-1.000000000000000000e+00,-1.000000000000000000e+00,-1.000000000000000000e+00,-1.000000000000000000e+00,-1.000000000000000000e+00,-1.000000000000000000e+00,-1.000000000000000000e+00,-1.000000000000000000e+00,-1.000000000000000000e+00,-1.000000000000000000e+00,-1.000000000000000000e+00,-1.000000000000000000e+00,-1.000000000000000000e+00,-1.000000000000000000e+00,-1.000000000000000000e+00,-1.000000000000000000e+00,-1.000000000000000000e+00,-1.000000000000000000e+00
2.543774843215942383e-01,7.233052849769592285e-01,2.772027016817446565e-07,2.575988769531250000e-01,6.391437649726867676e-01,6.963981315493583679e-03,2.889210283756256104e-01,5.857148766517639160e-01,-1.417338353348895907e-04,3.332788944244384766e-01,5.809059739112854004e-01,-1.100966427475214005e-02,3.647780716419219971e-01,6.081784367561340332e-01,-1.955842599272727966e-02,3.080579042434692383e-01,5.324530601501464844e-01,-4.899092018604278564e-03,3.547619283199310303e-01,5.334332585334777832e-01,-1.723278500139713287e-02,3.578479588031768799e-01,5.638747215270996094e-01,-2.557929605245590210e-02,3.493082523345947266e-01,5.795786380767822266e-01,-2.979631349444389343e-02,3.413922786712646484e-01,5.515553355216979980e-01,-1.985564641654491425e-02,4.019950032234191895e-01,5.061892271041870117e-01,-2.666004374623298645e-02,4.361711144447326660e-01,4.676424860954284668e-01,-3.305654972791671753e-02,4.619714021682739258e-01,4.328869283199310303e-01,-3.802195936441421509e-02,3.680646419525146484e-01,5.881667733192443848e-01,-3.366084769368171692e-02,4.000962972640991211e-01,6.033658981323242188e-01,-3.490663692355155945e-02,3.840247690677642822e-01,6.276875138282775879e-01,-3.051951900124549866e-02,3.647144436836242676e-01,6.403077840805053711e-01,-2.706427313387393951e-02,3.873433768749237061e-01,6.370586752891540527e-01,-4.826791584491729736e-02,3.968127369880676270e-01,6.561635732650756836e-01,-4.027683660387992859e-02,3.792519867420196533e-01,6.736937165260314941e-01,-2.628764137625694275e-02,3.638099133968353271e-01,6.809781789779663086e-01,-1.628807000815868378e-02,-1.000000000000000000e+00,-1.000000000000000000e+00,-1.000000000000000000e+00,-1.000000000000000000e+00,-1.000000000000000000e+00,-1.000000000000000000e+00,-1.000000000000000000e+00,-1.000000000000000000e+00,-1.000000000000000000e+00,-1.000000000000000000e+00,-1.000000000000000000e+00,-1.000000000000000000e+00,-1.000000000000000000e+00,-1.000000000000000000e+00,-1.000000000000000000e+00,-1.000000000000000000e+00,-1.000000000000000000e+00,-1.000000000000000000e+00,-1.000000000000000000e+00,-1.000000000000000000e+00,-1.000000000000000000e+00,-1.000000000000000000e+00,-1.000000000000000000e+00,-1.000000000000000000e+00,-1.000000000000000000e+00,-1.000000000000000000e+00,-1.000000000000000000e+00,-1.000000000000000000e+00,-1.000000000000000000e+00,-1.000000000000000000e+00,-1.000000000000000000e+00,-1.000000000000000000e+00,-1.000000000000000000e+00,-1.000000000000000000e+00,-1.000000000000000000e+00,-1.000000000000000000e+00,-1.000000000000000000e+00,-1.000000000000000000e+00,-1.000000000000000000e+00,-1.000000000000000000e+00,-1.000000000000000000e+00,-1.000000000000000000e+00,-1.000000000000000000e+00,-1.000000000000000000e+00,-1.000000000000000000e+00,-1.000000000000000000e+00,-1.000000000000000000e+00,-1.000000000000000000e+00,-1.000000000000000000e+00,-1.000000000000000000e+00,-1.000000000000000000e+00,-1.000000000000000000e+00,-1.000000000000000000e+00,-1.000000000000000000e+00,-1.000000000000000000e+00,-1.000000000000000000e+00,-1.000000000000000000e+00,-1.000000000000000000e+00,-1.000000000000000000e+00,-1.000000000000000000e+00,-1.000000000000000000e+00,-1.000000000000000000e+00,-1.000000000000000000e+00
